Systematic ID,revised_cluster
SPAC1002.03c,level_0
SPAC1002.04c,level_8
SPAC1002.05c,level_0
SPAC1002.06c,level_0
SPAC1002.07c,level_0
SPAC1002.08c,level_4
SPAC1002.09c,level_4
SPAC1002.10c,level_9
SPAC1002.11,level_8
SPAC1002.12c,level_0
SPAC1002.13c,level_7
SPAC1002.14,level_0
SPAC1002.15c,level_1
SPAC1002.16c,level_0
SPAC1002.17c,level_0
SPAC1002.18,level_0
SPAC1002.19,level_0
SPAC1002.20,level_0
SPAC1006.01,level_1
SPAC1006.03c,level_1
SPAC1006.04c,level_0
SPAC1006.06,level_0
SPAC1006.07,Miscellaneous
SPAC1006.08,level_9
SPAC1006.09,level_0
SPAC1039.01,level_0
SPAC1039.02,level_0
SPAC1039.03,level_0
SPAC1039.04,level_0
SPAC1039.05c,level_0
SPAC1039.06,level_0
SPAC1039.07c,level_0
SPAC1039.08,level_0
SPAC1039.09,level_0
SPAC1039.10,level_0
SPAC1039.11c,level_0
SPAC105.01c,level_0
SPAC105.03c,level_0
SPAC1071.01c,level_8
SPAC1071.02,level_4
SPAC1071.03c,level_0
SPAC1071.04c,level_0
SPAC1071.05,level_0
SPAC1071.06,level_0
SPAC1071.09c,level_1
SPAC1071.10c,level_10
SPAC1071.12c,level_0
SPAC1071.13,level_0
SPAC1093.01,level_1
SPAC1093.02,level_0
SPAC1093.03,level_0
SPAC1093.04c,level_9
SPAC1093.05,level_9
SPAC1093.06c,level_1
SPAC10F6.01c,level_2
SPAC10F6.02c,level_9
SPAC10F6.03c,level_11
SPAC10F6.04,level_1
SPAC10F6.05c,level_0
SPAC10F6.06,level_1
SPAC10F6.08c,level_1
SPAC10F6.09c,level_8
SPAC10F6.10,level_9
SPAC10F6.12c,level_0
SPAC10F6.13c,level_6
SPAC10F6.14c,level_0
SPAC10F6.15,level_0
SPAC10F6.16,level_0
SPAC10F6.17c,level_0
SPAC110.01,level_0
SPAC110.02,level_0
SPAC110.03,level_10
SPAC110.04c,level_9
SPAC110.06,level_0
SPAC1142.01,level_0
SPAC1142.02c,level_0
SPAC1142.03c,level_0
SPAC1142.04,level_10
SPAC1142.05,level_3
SPAC1142.06,level_0
SPAC1142.07c,level_5
SPAC1142.08,level_1
SPAC1142.09,level_0
SPAC11D3.02c,level_0
SPAC11D3.03c,level_0
SPAC11D3.04c,level_0
SPAC11D3.05,level_0
SPAC11D3.06,level_0
SPAC11D3.07c,level_0
SPAC11D3.08c,level_0
SPAC11D3.09,level_0
SPAC11D3.10,level_0
SPAC11D3.11c,level_0
SPAC11D3.13,level_0
SPAC11D3.14c,level_0
SPAC11D3.15,level_0
SPAC11D3.16c,level_0
SPAC11D3.17,level_0
SPAC11D3.18c,level_0
SPAC11D3.19,level_0
SPAC11D3.20,level_0
SPAC11E3.01c,level_1
SPAC11E3.02c,level_3
SPAC11E3.03,level_2
SPAC11E3.04c,level_0
SPAC11E3.05,level_5
SPAC11E3.06,level_0
SPAC11E3.07,level_4
SPAC11E3.08c,level_2
SPAC11E3.09,level_1
SPAC11E3.10,level_0
SPAC11E3.11c,level_0
SPAC11E3.12,level_0
SPAC11E3.13c,level_0
SPAC11E3.14,level_0
SPAC11G7.01,level_1
SPAC11G7.02,level_6
SPAC11G7.03,level_2
SPAC11G7.06c,level_0
SPAC11H11.01,level_0
SPAC11H11.02c,level_0
SPAC11H11.03c,level_0
SPAC11H11.04,level_0
SPAC11H11.05c,level_0
SPAC11H11.06,level_9
SPAC1250.01,level_7
SPAC1250.02,level_0
SPAC1250.03,level_0
SPAC1250.05,level_0
SPAC1296.01c,level_0
SPAC1296.02,level_1
SPAC1296.03c,level_0
SPAC1296.05c,level_0
SPAC1296.06,level_7
SPAC12B10.01c,level_1
SPAC12B10.02c,level_0
SPAC12B10.03,level_0
SPAC12B10.04,level_0
SPAC12B10.05,level_0
SPAC12B10.06c,level_0
SPAC12B10.07,level_0
SPAC12B10.08c,level_2
SPAC12B10.09,level_0
SPAC12B10.10,level_0
SPAC12B10.11,level_1
SPAC12B10.12c,level_0
SPAC12B10.14c,level_0
SPAC12B10.16c,level_0
SPAC12G12.01c,level_0
SPAC12G12.02,level_8
SPAC12G12.03,level_0
SPAC12G12.04,level_8
SPAC12G12.06c,level_9
SPAC12G12.07c,level_1
SPAC12G12.09,level_0
SPAC12G12.10,level_1
SPAC12G12.11c,level_0
SPAC12G12.12,level_0
SPAC12G12.13c,level_7
SPAC12G12.14c,level_7
SPAC12G12.15,level_0
SPAC12G12.16c,level_0
SPAC12G12.17,level_0
SPAC1327.01c,level_0
SPAC139.01c,level_0
SPAC139.02c,level_0
SPAC139.03,level_0
SPAC139.04c,level_0
SPAC139.05,level_0
SPAC139.06,level_0
SPAC1399.01c,level_0
SPAC1399.02,level_0
SPAC1399.03,level_0
SPAC1399.04c,level_0
SPAC1399.05c,level_0
SPAC13A11.01c,level_0
SPAC13A11.02c,level_8
SPAC13A11.03,level_0
SPAC13A11.04c,level_0
SPAC13A11.05,level_0
SPAC13A11.06,level_0
SPAC13C5.01c,level_9
SPAC13C5.02,level_3
SPAC13C5.03,level_0
SPAC13C5.04,level_0
SPAC13C5.05c,level_7
SPAC13C5.07,level_4
SPAC13D6.01,level_0
SPAC13D6.03c,level_1
SPAC13D6.04c,level_0
SPAC13D6.05,level_7
SPAC13F5.01c,level_0
SPAC13F5.02c,level_7
SPAC13F5.03c,level_0
SPAC13F5.05,level_0
SPAC13F5.06c,level_8
SPAC13F5.07c,level_0
SPAC13G6.01c,level_0
SPAC13G6.02c,level_3
SPAC13G6.03,level_0
SPAC13G6.05c,level_7
SPAC13G6.06c,level_0
SPAC13G6.07c,level_4
SPAC13G6.08,level_0
SPAC13G6.09,level_6
SPAC13G6.10c,level_1
SPAC13G6.11c,level_8
SPAC13G6.12c,level_0
SPAC13G6.13,level_0
SPAC13G6.14,level_0
SPAC13G7.01c,level_9
SPAC13G7.02c,level_0
SPAC13G7.04c,level_0
SPAC13G7.05,level_0
SPAC13G7.06,level_0
SPAC13G7.07,level_0
SPAC13G7.08c,level_8
SPAC13G7.09c,level_0
SPAC13G7.10,level_9
SPAC13G7.11,level_0
SPAC13G7.12c,level_1
SPAC13G7.13c,level_0
SPAC140.01,level_0
SPAC140.03,level_0
SPAC140.04,level_0
SPAC1420.01c,level_0
SPAC1420.02c,level_10
SPAC144.01,level_0
SPAC144.02,level_1
SPAC144.03,level_0
SPAC144.04c,level_1
SPAC144.05,level_0
SPAC144.06,level_1
SPAC144.07c,level_7
SPAC144.08,level_5
SPAC144.09c,level_7
SPAC144.10c,level_8
SPAC144.11,level_3
SPAC144.12,level_9
SPAC144.13c,level_4
SPAC144.14,level_0
SPAC144.15c,level_8
SPAC144.16,level_10
SPAC144.17c,level_0
SPAC144.18,level_4
SPAC144.19,level_0
SPAC1486.01,level_0
SPAC1486.02c,Miscellaneous
SPAC1486.03c,level_8
SPAC1486.04c,level_3
SPAC1486.05,level_10
SPAC1486.06,level_10
SPAC1486.08,level_1
SPAC1486.09,level_10
SPAC1486.10,level_0
SPAC1486.11,level_0
SPAC14C4.01c,level_0
SPAC14C4.02c,level_7
SPAC14C4.03,level_0
SPAC14C4.04,level_0
SPAC14C4.05c,level_0
SPAC14C4.06c,level_2
SPAC14C4.07,level_0
SPAC14C4.08,level_0
SPAC14C4.09,level_0
SPAC14C4.10c,level_0
SPAC14C4.11,level_1
SPAC14C4.12c,level_0
SPAC14C4.13,level_1
SPAC14C4.14,level_2
SPAC14C4.15c,level_0
SPAC14C4.16,level_1
SPAC1527.01,level_0
SPAC1527.02,level_1
SPAC1527.03,level_0
SPAC1556.01c,level_4
SPAC1556.02c,level_0
SPAC1556.03,level_1
SPAC1556.04c,level_0
SPAC1556.05c,level_6
SPAC1556.06,level_0
SPAC1556.07,level_11
SPAC1556.08c,level_1
SPAC1565.01,level_0
SPAC1565.02c,level_0
SPAC1565.03,level_0
SPAC1565.04c,level_0
SPAC1565.05,level_10
SPAC1565.06c,level_8
SPAC1565.07c,level_0
SPAC1565.08,level_7
SPAC15A10.01,level_4
SPAC15A10.02,level_9
SPAC15A10.03c,level_6
SPAC15A10.04c,level_10
SPAC15A10.05c,level_0
SPAC15A10.06,level_0
SPAC15A10.07,level_0
SPAC15A10.08,Miscellaneous
SPAC15A10.09c,level_0
SPAC15A10.10,level_0
SPAC15A10.11,level_0
SPAC15A10.12c,level_6
SPAC15A10.13,level_0
SPAC15A10.15,level_0
SPAC15A10.16,level_0
SPAC15E1.02c,level_0
SPAC15E1.04,level_9
SPAC15E1.05c,level_0
SPAC15E1.06,level_0
SPAC15E1.07c,level_0
SPAC15E1.08,level_3
SPAC15E1.09,level_0
SPAC15E1.10,level_0
SPAC15F9.01c,level_0
SPAC15F9.02,level_0
SPAC15F9.03c,level_10
SPAC16.01,level_0
SPAC16.02c,level_6
SPAC16.03c,level_1
SPAC16.04,level_0
SPAC16.05c,level_4
SPAC1610.01,level_2
SPAC1610.02c,level_2
SPAC1610.03c,level_0
SPAC1610.04,level_0
SPAC1635.01,level_1
SPAC1639.01c,level_0
SPAC1639.02c,level_0
SPAC167.01,level_0
SPAC167.02,level_9
SPAC167.03c,level_10
SPAC167.04,level_0
SPAC167.05,level_1
SPAC167.07c,level_0
SPAC167.08,level_0
SPAC167.09,level_7
SPAC1687.01,level_8
SPAC1687.02,level_5
SPAC1687.03c,level_6
SPAC1687.04,level_8
SPAC1687.05,level_1
SPAC1687.08,level_1
SPAC1687.09,level_0
SPAC1687.10,level_0
SPAC1687.11,level_9
SPAC1687.12c,level_1
SPAC1687.13c,level_0
SPAC1687.15,level_0
SPAC1687.16c,level_0
SPAC1687.17c,level_0
SPAC1687.18c,level_6
SPAC1687.19c,level_0
SPAC1687.20c,level_5
SPAC1687.21,level_0
SPAC1687.22c,level_0
SPAC1687.23c,level_0
SPAC16A10.01,level_0
SPAC16A10.02,level_0
SPAC16A10.03c,level_0
SPAC16A10.04,level_0
SPAC16A10.06c,level_5
SPAC16A10.07c,level_0
SPAC16A10.08c,level_0
SPAC16C9.02c,level_1
SPAC16C9.03,level_8
SPAC16C9.04c,level_3
SPAC16C9.05,level_0
SPAC16C9.06c,level_0
SPAC16C9.07,level_0
SPAC16E8.01,level_0
SPAC16E8.04c,level_9
SPAC16E8.06c,level_0
SPAC16E8.07c,level_5
SPAC16E8.08,level_0
SPAC16E8.09,level_1
SPAC16E8.10c,level_6
SPAC16E8.11c,level_8
SPAC16E8.12c,level_0
SPAC16E8.13,level_0
SPAC16E8.14c,level_0
SPAC16E8.15,level_9
SPAC16E8.16,level_10
SPAC16E8.17c,level_0
SPAC16E8.18,level_0
SPAC16E8.18c,level_0
SPAC1705.02,level_0
SPAC1705.03c,level_1
SPAC1751.01c,level_1
SPAC1751.02c,level_5
SPAC1751.03,level_9
SPAC1751.04,level_0
SPAC1782.01,level_0
SPAC1782.02c,level_0
SPAC1782.03,level_8
SPAC1782.04,level_0
SPAC1782.05,level_2
SPAC1782.06c,level_0
SPAC1782.07,level_1
SPAC1782.08c,level_0
SPAC1782.09c,level_1
SPAC1782.11,level_1
SPAC1783.01,level_0
SPAC1783.02c,level_2
SPAC1783.03,level_6
SPAC1783.04c,level_4
SPAC1783.05,level_0
SPAC1783.06c,level_0
SPAC1783.07c,level_0
SPAC1786.01c,level_0
SPAC1786.04,level_0
SPAC17A2.01,level_0
SPAC17A2.03c,level_5
SPAC17A2.04c,level_9
SPAC17A2.05,level_0
SPAC17A2.06c,level_0
SPAC17A2.08c,level_7
SPAC17A2.09c,level_0
SPAC17A2.10c,level_0
SPAC17A2.12,level_0
SPAC17A2.13c,level_0
SPAC17A2.14,level_1
SPAC17A5.01,level_0
SPAC17A5.02c,level_2
SPAC17A5.04c,level_0
SPAC17A5.05c,level_0
SPAC17A5.06,level_10
SPAC17A5.07c,level_4
SPAC17A5.08,level_0
SPAC17A5.11,level_0
SPAC17A5.12,level_8
SPAC17A5.13,level_7
SPAC17A5.14,level_5
SPAC17A5.15c,level_11
SPAC17A5.16,level_1
SPAC17A5.18c,level_0
SPAC17A5.19,level_0
SPAC17C9.01c,level_8
SPAC17C9.02c,level_0
SPAC17C9.03,level_10
SPAC17C9.05c,level_3
SPAC17C9.06,level_7
SPAC17C9.07,level_0
SPAC17C9.08,level_0
SPAC17C9.10,level_0
SPAC17C9.11c,level_0
SPAC17C9.12,level_0
SPAC17C9.13c,level_7
SPAC17C9.14,level_0
SPAC17C9.16c,level_0
SPAC17D4.01,level_0
SPAC17D4.02,level_9
SPAC17D4.03c,level_0
SPAC17D4.04,level_0
SPAC17G6.03,level_0
SPAC17G6.04c,level_4
SPAC17G6.05c,level_0
SPAC17G6.08,level_0
SPAC17G6.09,level_0
SPAC17G6.10,level_4
SPAC17G6.11c,level_8
SPAC17G6.12,level_6
SPAC17G6.13,level_0
SPAC17G6.14c,level_10
SPAC17G6.15c,level_0
SPAC17G6.16c,level_8
SPAC17G6.17,level_1
SPAC17G8.01c,level_9
SPAC17G8.02,level_0
SPAC17G8.03c,level_6
SPAC17G8.04c,level_9
SPAC17G8.05,level_1
SPAC17G8.06c,level_9
SPAC17G8.08c,level_0
SPAC17G8.09,level_0
SPAC17G8.10c,level_0
SPAC17G8.11c,level_0
SPAC17G8.12,level_1
SPAC17G8.13c,level_0
SPAC17G8.14c,level_0
SPAC17G8.15,level_5
SPAC17H9.01,level_0
SPAC17H9.02,level_4
SPAC17H9.03c,level_1
SPAC17H9.04c,level_1
SPAC17H9.05,level_8
SPAC17H9.06c,level_0
SPAC17H9.07,level_6
SPAC17H9.08,level_2
SPAC17H9.09c,level_0
SPAC17H9.10c,level_4
SPAC17H9.12c,level_1
SPAC17H9.13c,level_1
SPAC17H9.14c,level_0
SPAC17H9.17c,level_6
SPAC17H9.18c,level_0
SPAC17H9.19c,level_5
SPAC17H9.20,level_8
SPAC1805.01c,level_0
SPAC1805.03c,level_0
SPAC1805.04,level_1
SPAC1805.05,level_0
SPAC1805.06c,level_7
SPAC1805.07c,level_0
SPAC1805.08,level_0
SPAC1805.10,level_0
SPAC1805.11c,Miscellaneous
SPAC1805.12c,level_2
SPAC1805.13,level_10
SPAC1805.14,level_0
SPAC1805.15c,level_0
SPAC1805.16c,level_0
SPAC1805.17,level_10
SPAC1834.01,level_10
SPAC1834.02,level_10
SPAC1834.05,level_1
SPAC1834.06c,level_8
SPAC1834.07,level_0
SPAC1834.08,level_0
SPAC1834.09,level_0
SPAC1834.10c,level_0
SPAC1834.11c,level_11
SPAC1851.02,level_1
SPAC1851.03,level_3
SPAC1851.04c,level_4
SPAC186.01,level_1
SPAC186.02c,level_1
SPAC186.04c,level_0
SPAC186.05c,level_0
SPAC186.07c,level_0
SPAC18B11.02c,level_0
SPAC18B11.03c,level_0
SPAC18B11.04,level_0
SPAC18B11.05,level_7
SPAC18B11.06,level_11
SPAC18B11.07c,level_5
SPAC18B11.08c,level_0
SPAC18B11.09c,level_0
SPAC18B11.11,level_1
SPAC18G6.01c,level_0
SPAC18G6.02c,level_0
SPAC18G6.03,level_10
SPAC18G6.05c,level_1
SPAC18G6.07c,level_9
SPAC18G6.10,level_1
SPAC18G6.11c,level_11
SPAC18G6.13,level_0
SPAC18G6.15,level_0
SPAC1952.01,level_9
SPAC1952.03,level_0
SPAC1952.04c,level_0
SPAC1952.05,level_3
SPAC1952.06c,level_0
SPAC1952.07,level_1
SPAC1952.09c,level_0
SPAC1952.10c,level_0
SPAC1952.12c,level_0
SPAC1952.13,level_8
SPAC1952.14c,level_5
SPAC1952.15c,level_0
SPAC1952.16,level_0
SPAC1952.17c,level_1
SPAC19A8.01c,level_0
SPAC19A8.02,level_0
SPAC19A8.03,level_0
SPAC19A8.04,level_0
SPAC19A8.05c,level_0
SPAC19A8.06,level_10
SPAC19A8.07c,level_9
SPAC19A8.08,level_1
SPAC19A8.09,level_10
SPAC19A8.10,level_0
SPAC19A8.11c,level_3
SPAC19A8.12,level_6
SPAC19A8.13,level_8
SPAC19A8.14,level_0
SPAC19A8.15,level_10
SPAC19A8.16,level_0
SPAC19B12.01,level_9
SPAC19B12.02c,level_9
SPAC19B12.03,level_9
SPAC19B12.05c,level_7
SPAC19B12.06c,level_0
SPAC19B12.07c,level_0
SPAC19B12.08,level_0
SPAC19B12.09,level_5
SPAC19B12.10,level_0
SPAC19D5.01,level_0
SPAC19D5.03,level_0
SPAC19D5.04,level_9
SPAC19D5.06c,level_0
SPAC19D5.07,level_0
SPAC19D5.11c,level_0
SPAC19E9.01c,level_1
SPAC19E9.02,level_0
SPAC19E9.03,level_0
SPAC19G12.01c,level_7
SPAC19G12.02c,level_0
SPAC19G12.03,level_0
SPAC19G12.04,level_0
SPAC19G12.05,level_0
SPAC19G12.07c,level_6
SPAC19G12.08,level_2
SPAC19G12.09,level_0
SPAC19G12.10c,level_0
SPAC19G12.11,level_1
SPAC19G12.12,level_1
SPAC19G12.13c,level_0
SPAC19G12.14,level_10
SPAC19G12.15c,level_0
SPAC19G12.16c,level_0
SPAC19G12.17,level_0
SPAC1A6.01c,level_0
SPAC1A6.03c,level_0
SPAC1A6.04c,level_0
SPAC1A6.05c,level_0
SPAC1A6.06c,level_0
SPAC1A6.08c,level_0
SPAC1A6.09c,level_0
SPAC1A6.10,level_0
SPAC1A6.11,level_0
SPAC1B1.01,level_8
SPAC1B1.02c,level_0
SPAC1B1.03c,level_10
SPAC1B1.04c,level_1
SPAC1B2.02c,level_1
SPAC1B2.03c,level_8
SPAC1B2.04,level_1
SPAC1B2.05,level_9
SPAC1B3.01c,level_0
SPAC1B3.03c,level_2
SPAC1B3.04c,level_0
SPAC1B3.05,level_1
SPAC1B3.06c,level_0
SPAC1B3.07c,level_0
SPAC1B3.08,level_0
SPAC1B3.09c,level_9
SPAC1B3.10c,level_0
SPAC1B3.11c,level_0
SPAC1B3.13,level_9
SPAC1B3.14,level_6
SPAC1B3.15c,level_0
SPAC1B3.16c,level_4
SPAC1B3.18c,level_5
SPAC1B3.20,level_0
SPAC1B9.02c,level_0
SPAC1B9.03c,level_11
SPAC1D4.01,level_0
SPAC1D4.02c,level_0
SPAC1D4.03c,level_0
SPAC1D4.04,level_9
SPAC1D4.05c,level_0
SPAC1D4.06c,level_1
SPAC1D4.08,level_9
SPAC1D4.09c,level_0
SPAC1D4.10,level_8
SPAC1D4.11c,level_1
SPAC1D4.12,level_7
SPAC1D4.13,level_0
SPAC1D4.14,level_8
SPAC1F12.02c,level_1
SPAC1F12.05,level_0
SPAC1F12.06c,level_0
SPAC1F12.08,level_7
SPAC1F12.09,level_8
SPAC1F12.10c,level_1
SPAC1F3.01,level_6
SPAC1F3.02c,level_0
SPAC1F3.03,level_1
SPAC1F3.04c,level_7
SPAC1F3.05,level_0
SPAC1F3.06c,level_0
SPAC1F3.07c,level_2
SPAC1F3.08c,level_0
SPAC1F3.09,level_0
SPAC1F3.10c,level_5
SPAC1F5.02,level_4
SPAC1F5.03c,level_0
SPAC1F5.04c,level_7
SPAC1F5.06,level_9
SPAC1F5.07c,level_0
SPAC1F5.08c,level_0
SPAC1F5.09c,level_0
SPAC1F5.10,level_7
SPAC1F5.11c,level_5
SPAC1F7.01c,level_6
SPAC1F7.02c,level_10
SPAC1F7.03,level_10
SPAC1F7.04,level_10
SPAC1F7.05,level_9
SPAC1F7.08,level_0
SPAC1F7.09c,level_0
SPAC1F7.10,level_0
SPAC1F7.11c,level_1
SPAC1F7.12,level_0
SPAC1F7.14c,level_0
SPAC1F8.01,level_1
SPAC1F8.02c,level_0
SPAC1F8.03c,level_0
SPAC1F8.04c,level_0
SPAC1F8.05,Miscellaneous
SPAC1F8.06,level_0
SPAC1F8.07c,level_10
SPAC1F8.08,level_0
SPAC20G4.01,level_0
SPAC20G4.02c,level_0
SPAC20G4.03c,level_0
SPAC20G4.04c,level_0
SPAC20G4.05c,level_0
SPAC20G4.07c,level_2
SPAC20G4.08,level_0
SPAC20G4.09,level_0
SPAC20G8.01,level_9
SPAC20G8.02,Miscellaneous
SPAC20G8.03,level_8
SPAC20G8.04c,level_0
SPAC20G8.05c,level_7
SPAC20G8.06,level_7
SPAC20G8.07c,level_7
SPAC20G8.08c,level_0
SPAC20G8.09c,level_9
SPAC20G8.10c,level_0
SPAC20H4.01,level_9
SPAC20H4.02,level_0
SPAC20H4.03c,level_0
SPAC20H4.04,level_0
SPAC20H4.05c,level_0
SPAC20H4.06c,level_0
SPAC20H4.07,level_3
SPAC20H4.08,level_0
SPAC20H4.09,level_0
SPAC20H4.10,level_1
SPAC20H4.11c,level_0
SPAC212.12,level_0
SPAC21E11.04,level_0
SPAC21E11.05c,level_0
SPAC21E11.06,level_10
SPAC21E11.07,level_3
SPAC21E11.08,level_10
SPAC222.03c,level_5
SPAC222.04c,level_2
SPAC222.05c,level_0
SPAC222.06,level_9
SPAC222.07c,level_0
SPAC222.08c,level_3
SPAC222.09,level_9
SPAC222.10c,level_9
SPAC222.11,level_6
SPAC222.12c,level_2
SPAC222.13c,level_0
SPAC222.14c,level_1
SPAC222.15,level_0
SPAC222.16c,level_0
SPAC222.17,level_0
SPAC227.01c,level_4
SPAC227.05,level_2
SPAC227.08c,level_8
SPAC227.09,level_6
SPAC227.10,level_0
SPAC227.11c,level_0
SPAC227.12,level_8
SPAC227.13c,level_9
SPAC227.14,level_0
SPAC227.15,level_0
SPAC227.16c,level_8
SPAC227.17c,level_1
SPAC227.18,level_0
SPAC227.19c,level_8
SPAC22A12.01c,level_1
SPAC22A12.02c,level_0
SPAC22A12.03c,Miscellaneous
SPAC22A12.04c,level_6
SPAC22A12.06c,level_0
SPAC22A12.07c,level_0
SPAC22A12.08c,level_4
SPAC22A12.09c,level_9
SPAC22A12.10,level_0
SPAC22A12.11,level_0
SPAC22A12.12c,level_9
SPAC22A12.14c,level_0
SPAC22A12.15c,level_9
SPAC22A12.16,level_0
SPAC22A12.17c,level_0
SPAC22E12.01,level_0
SPAC22E12.02,level_8
SPAC22E12.03c,level_0
SPAC22E12.04,level_3
SPAC22E12.08,level_6
SPAC22E12.09c,level_6
SPAC22E12.10c,level_7
SPAC22E12.11c,level_0
SPAC22E12.13c,level_9
SPAC22E12.16c,level_10
SPAC22E12.17c,level_10
SPAC22E12.18,level_4
SPAC22E12.19,level_1
SPAC22F3.03c,level_0
SPAC22F3.04,level_0
SPAC22F3.05c,level_7
SPAC22F3.06c,level_1
SPAC22F3.07c,level_0
SPAC22F3.08c,level_3
SPAC22F3.09c,level_1
SPAC22F3.10c,level_2
SPAC22F3.11c,level_9
SPAC22F3.12c,level_0
SPAC22F3.13,level_2
SPAC22F3.15,level_0
SPAC22F8.02c,level_0
SPAC22F8.03c,level_0
SPAC22F8.04,level_1
SPAC22F8.05,level_0
SPAC22F8.06,level_9
SPAC22F8.07c,level_1
SPAC22F8.08,level_10
SPAC22F8.09,level_1
SPAC22F8.10c,level_8
SPAC22F8.11,level_8
SPAC22F8.12c,level_0
SPAC22G7.01c,level_0
SPAC22G7.02,Miscellaneous
SPAC22G7.03,level_0
SPAC22G7.04,level_1
SPAC22G7.05,level_9
SPAC22G7.06c,level_2
SPAC22G7.07c,level_0
SPAC22G7.08,level_0
SPAC22G7.09c,level_8
SPAC22G7.10,level_8
SPAC22H10.03c,level_1
SPAC22H10.05c,level_9
SPAC22H10.06c,level_0
SPAC22H10.07,level_0
SPAC22H10.08,level_0
SPAC22H10.09,level_0
SPAC22H10.10,level_8
SPAC22H10.11c,level_4
SPAC22H10.12c,level_9
SPAC22H12.01c,level_0
SPAC22H12.02,level_1
SPAC22H12.03,level_0
SPAC22H12.04c,level_9
SPAC22H12.05c,level_2
SPAC23A1.02c,level_0
SPAC23A1.03,level_1
SPAC23A1.04c,level_0
SPAC23A1.05,level_8
SPAC23A1.06c,level_0
SPAC23A1.07,level_0
SPAC23A1.08c,level_9
SPAC23A1.10,level_0
SPAC23A1.12c,level_11
SPAC23A1.14c,level_0
SPAC23A1.15c,level_9
SPAC23A1.17,level_0
SPAC23A1.18c,level_5
SPAC23A1.19c,level_1
SPAC23A1.20,level_0
SPAC23C11.01,level_0
SPAC23C11.03,level_10
SPAC23C11.04c,level_1
SPAC23C11.05,level_10
SPAC23C11.06c,level_0
SPAC23C11.07,level_0
SPAC23C11.09,level_10
SPAC23C11.10,level_1
SPAC23C11.11,level_7
SPAC23C11.13c,level_6
SPAC23C11.14,level_1
SPAC23C11.15,level_2
SPAC23C11.16,level_8
SPAC23C11.17,level_9
SPAC23C4.02,level_0
SPAC23C4.03,level_0
SPAC23C4.05c,level_0
SPAC23C4.06c,level_0
SPAC23C4.07,level_0
SPAC23C4.08,level_0
SPAC23C4.09c,level_0
SPAC23C4.10,level_9
SPAC23C4.11,level_2
SPAC23C4.12,level_0
SPAC23C4.13,level_10
SPAC23C4.14,level_8
SPAC23C4.16c,level_0
SPAC23C4.17,level_0
SPAC23C4.18c,level_10
SPAC23C4.19,level_8
SPAC23D3.01,level_0
SPAC23D3.02,level_6
SPAC23D3.03c,level_0
SPAC23D3.04c,level_0
SPAC23D3.06c,level_10
SPAC23D3.07,level_9
SPAC23D3.08,level_2
SPAC23D3.09,level_2
SPAC23D3.10c,level_0
SPAC23D3.11,level_0
SPAC23D3.12,level_0
SPAC23D3.13c,level_0
SPAC23D3.14c,level_0
SPAC23D3.16,level_8
SPAC23E2.01,level_1
SPAC23E2.02,level_4
SPAC23E2.03c,level_0
SPAC23G3.01,level_10
SPAC23G3.02c,level_0
SPAC23G3.03,level_0
SPAC23G3.04,level_0
SPAC23G3.05c,level_0
SPAC23G3.06,level_10
SPAC23G3.07c,level_0
SPAC23G3.08c,level_0
SPAC23G3.09,level_7
SPAC23G3.10c,level_4
SPAC23G3.11,level_9
SPAC23G3.12c,level_0
SPAC23H3.02c,level_7
SPAC23H3.03c,level_4
SPAC23H3.04,level_0
SPAC23H3.05c,level_1
SPAC23H3.06,level_0
SPAC23H3.08c,level_0
SPAC23H3.09c,level_7
SPAC23H3.10,level_5
SPAC23H3.11c,level_0
SPAC23H3.12c,level_0
SPAC23H3.13c,level_2
SPAC23H3.14,level_0
SPAC23H4.01c,level_0
SPAC23H4.02,level_0
SPAC23H4.04,level_3
SPAC23H4.06,level_9
SPAC23H4.07c,level_9
SPAC23H4.08,level_1
SPAC23H4.09,level_0
SPAC23H4.10c,level_0
SPAC23H4.11c,level_6
SPAC23H4.12,level_1
SPAC23H4.13c,level_0
SPAC23H4.14,level_3
SPAC23H4.15,level_8
SPAC23H4.16c,level_0
SPAC23H4.17c,level_1
SPAC23H4.18c,level_6
SPAC23H4.21,level_0
SPAC24B11.05,level_0
SPAC24B11.06c,level_0
SPAC24B11.07c,level_0
SPAC24B11.09,level_3
SPAC24B11.10c,level_0
SPAC24B11.11c,level_7
SPAC24B11.12c,level_1
SPAC24B11.13,level_8
SPAC24B11.14,level_0
SPAC24C9.03,level_10
SPAC24C9.04,level_1
SPAC24C9.06c,level_7
SPAC24C9.07c,level_0
SPAC24C9.08,level_0
SPAC24C9.09,level_5
SPAC24C9.10c,level_6
SPAC24C9.11,level_9
SPAC24C9.12c,level_0
SPAC24C9.14,level_0
SPAC24C9.15c,level_0
SPAC24H6.01c,level_7
SPAC24H6.02c,level_0
SPAC24H6.03,level_2
SPAC24H6.04,level_0
SPAC24H6.05,level_8
SPAC24H6.06,level_8
SPAC24H6.08,level_0
SPAC24H6.09,level_0
SPAC24H6.10c,level_0
SPAC24H6.11c,level_0
SPAC24H6.12c,level_6
SPAC24H6.13,level_0
SPAC25A8.01c,level_1
SPAC25A8.02,level_0
SPAC25A8.03c,level_0
SPAC25B8.02,level_0
SPAC25B8.03,level_0
SPAC25B8.04c,level_1
SPAC25B8.05,level_2
SPAC25B8.06c,level_5
SPAC25B8.07c,level_0
SPAC25B8.08,level_0
SPAC25B8.09,level_0
SPAC25B8.10,level_0
SPAC25B8.11,level_0
SPAC25B8.13c,level_0
SPAC25B8.14,level_6
SPAC25B8.15c,level_3
SPAC25B8.16,level_8
SPAC25B8.17,level_0
SPAC25B8.19c,level_1
SPAC25G10.02,level_0
SPAC25G10.03,level_6
SPAC25G10.04c,level_0
SPAC25G10.05c,level_0
SPAC25G10.06,level_6
SPAC25G10.07c,level_9
SPAC25G10.08,level_10
SPAC25G10.09c,level_8
SPAC25H1.02,level_0
SPAC25H1.04,level_0
SPAC25H1.05,level_2
SPAC25H1.06,level_0
SPAC25H1.07,level_0
SPAC25H1.09,level_0
SPAC25H1.10c,level_0
SPAC26A3.01,level_0
SPAC26A3.02,level_0
SPAC26A3.03c,level_0
SPAC26A3.05,level_9
SPAC26A3.06,level_0
SPAC26A3.09c,level_0
SPAC26A3.10,level_0
SPAC26A3.11,level_0
SPAC26A3.12c,level_10
SPAC26A3.14c,level_1
SPAC26A3.15c,level_10
SPAC26A3.16,level_0
SPAC26A3.17c,level_0
SPAC26F1.01,level_0
SPAC26F1.02,level_0
SPAC26F1.03,level_5
SPAC26F1.04c,level_0
SPAC26F1.05,level_0
SPAC26F1.06,level_10
SPAC26F1.07,level_0
SPAC26F1.08c,level_0
SPAC26F1.09,level_0
SPAC26F1.10c,level_2
SPAC26F1.12c,level_0
SPAC26F1.13c,level_11
SPAC26F1.14c,level_0
SPAC26H5.02c,level_0
SPAC26H5.03,level_0
SPAC26H5.04,level_0
SPAC26H5.05,level_4
SPAC26H5.06,level_4
SPAC26H5.07c,level_0
SPAC26H5.09c,level_0
SPAC26H5.11,level_0
SPAC26H5.12,level_7
SPAC26H5.13c,level_11
SPAC27D7.02c,level_0
SPAC27D7.03c,level_0
SPAC27D7.04,level_0
SPAC27D7.08c,level_1
SPAC27D7.11c,level_0
SPAC27D7.12c,level_0
SPAC27D7.13c,level_0
SPAC27D7.14c,level_4
SPAC27E2.01,level_0
SPAC27E2.02,level_0
SPAC27E2.03c,level_3
SPAC27E2.04c,level_0
SPAC27E2.05,level_8
SPAC27E2.06c,level_4
SPAC27E2.07,Miscellaneous
SPAC27E2.09,level_0
SPAC27E2.10c,level_6
SPAC27E2.14,level_0
SPAC27F1.02c,level_7
SPAC27F1.04c,level_7
SPAC27F1.05c,level_0
SPAC27F1.06c,level_1
SPAC27F1.07,level_8
SPAC27F1.08,level_0
SPAC27F1.09c,level_11
SPAC27F1.10,level_0
SPAC29A4.02c,level_0
SPAC29A4.03c,level_5
SPAC29A4.04c,level_8
SPAC29A4.06c,level_7
SPAC29A4.07,level_4
SPAC29A4.08c,level_8
SPAC29A4.09,level_3
SPAC29A4.10,level_6
SPAC29A4.11,level_0
SPAC29A4.14c,level_0
SPAC29A4.15,level_11
SPAC29A4.16,level_4
SPAC29A4.17c,level_0
SPAC29A4.18,level_3
SPAC29A4.19c,level_0
SPAC29A4.20,level_5
SPAC29A4.23,level_0
SPAC29B12.01,level_5
SPAC29B12.02c,level_0
SPAC29B12.03,level_0
SPAC29B12.04,level_5
SPAC29B12.05c,level_0
SPAC29B12.06c,level_0
SPAC29B12.07,level_9
SPAC29B12.08,Miscellaneous
SPAC29B12.10c,level_0
SPAC29B12.11c,level_0
SPAC29B12.12,level_0
SPAC29B12.14c,level_0
SPAC29E6.01,level_1
SPAC29E6.02,level_8
SPAC29E6.03c,level_9
SPAC29E6.04,level_8
SPAC29E6.05c,level_0
SPAC29E6.06c,level_10
SPAC29E6.07,level_0
SPAC29E6.08,level_10
SPAC29E6.09,level_0
SPAC29E6.10c,level_1
SPAC2C4.03c,level_10
SPAC2C4.05,level_1
SPAC2C4.06c,level_0
SPAC2C4.07c,level_0
SPAC2C4.09,level_0
SPAC2C4.10c,level_0
SPAC2C4.12c,level_9
SPAC2C4.15c,level_0
SPAC2C4.16c,level_8
SPAC2C4.17c,level_0
SPAC2E12.02,level_11
SPAC2E12.03c,level_0
SPAC2E12.05,level_0
SPAC2E1P3.01,level_1
SPAC2E1P3.02c,level_0
SPAC2E1P3.04,level_0
SPAC2E1P5.01c,level_0
SPAC2E1P5.03,level_0
SPAC2E1P5.04c,level_8
SPAC2E1P5.05,level_9
SPAC2F3.01,level_0
SPAC2F3.02,level_1
SPAC2F3.03c,level_7
SPAC2F3.04c,level_2
SPAC2F3.05c,level_0
SPAC2F3.06c,level_5
SPAC2F3.07c,level_0
SPAC2F3.08,level_0
SPAC2F3.09,level_8
SPAC2F3.10,level_5
SPAC2F3.11,level_0
SPAC2F3.13c,level_0
SPAC2F3.14c,level_7
SPAC2F3.15,level_0
SPAC2F3.16,level_0
SPAC2F3.17c,level_8
SPAC2F3.18c,level_0
SPAC2F7.02c,level_0
SPAC2F7.03c,level_2
SPAC2F7.04,level_0
SPAC2F7.05c,level_10
SPAC2F7.06c,level_0
SPAC2F7.07c,level_2
SPAC2F7.08c,level_1
SPAC2F7.09c,level_0
SPAC2F7.10,level_0
SPAC2F7.11,level_0
SPAC2F7.13c,level_8
SPAC2F7.15,level_7
SPAC2F7.16c,level_0
SPAC2F7.17,level_1
SPAC2G11.02,level_8
SPAC2G11.03c,level_2
SPAC2G11.04,level_0
SPAC2G11.05c,level_0
SPAC2G11.06,level_4
SPAC2G11.07c,level_0
SPAC2G11.09,level_0
SPAC2G11.10c,level_2
SPAC2G11.11c,level_8
SPAC2G11.12,level_3
SPAC2G11.13,level_0
SPAC2G11.14,level_7
SPAC2G11.15c,level_1
SPAC2H10.01,level_0
SPAC2H10.02c,level_0
SPAC2H10.04,level_0
SPAC30.01c,level_0
SPAC30.02c,level_5
SPAC30.03c,level_0
SPAC30.04c,level_0
SPAC30C2.03,level_4
SPAC30C2.04,level_2
SPAC30C2.05,level_0
SPAC30C2.06c,level_8
SPAC30C2.07,level_0
SPAC30C2.08,level_0
SPAC30D11.01c,level_0
SPAC30D11.02c,level_0
SPAC30D11.03,level_8
SPAC30D11.04c,level_2
SPAC30D11.05,level_0
SPAC30D11.06c,level_0
SPAC30D11.07,level_0
SPAC30D11.09,level_1
SPAC30D11.10,level_5
SPAC30D11.11,level_0
SPAC30D11.13,level_5
SPAC30D11.14c,level_1
SPAC31A2.02,Miscellaneous
SPAC31A2.03,level_5
SPAC31A2.04c,level_8
SPAC31A2.05c,level_7
SPAC31A2.06,level_2
SPAC31A2.07c,level_10
SPAC31A2.08,level_6
SPAC31A2.09c,level_0
SPAC31A2.10,level_0
SPAC31A2.11c,level_2
SPAC31A2.12,level_1
SPAC31A2.13c,level_9
SPAC31A2.14,level_0
SPAC31A2.15c,level_1
SPAC31A2.16,level_0
SPAC31F12.01,level_0
SPAC31G5.01,level_5
SPAC31G5.02,level_8
SPAC31G5.03,level_8
SPAC31G5.04,level_0
SPAC31G5.05c,level_6
SPAC31G5.06,level_3
SPAC31G5.07,level_0
SPAC31G5.08,level_7
SPAC31G5.09c,level_0
SPAC31G5.10,level_0
SPAC31G5.11,level_1
SPAC31G5.12c,level_2
SPAC31G5.13,level_8
SPAC31G5.14,level_0
SPAC31G5.15,level_0
SPAC31G5.16c,level_10
SPAC31G5.17c,level_3
SPAC31G5.19,level_6
SPAC323.01c,level_5
SPAC323.03c,level_0
SPAC323.04,level_0
SPAC323.05c,level_3
SPAC323.06c,level_4
SPAC323.07c,level_0
SPAC328.01c,level_0
SPAC328.02,level_5
SPAC328.03,level_1
SPAC328.04,level_0
SPAC328.05,level_0
SPAC328.06,level_0
SPAC328.07c,level_0
SPAC328.09,level_0
SPAC328.10c,level_4
SPAC32A11.01,level_0
SPAC32A11.02c,level_0
SPAC32A11.03c,level_1
SPAC32A11.04c,level_10
SPAC343.01c,level_8
SPAC343.02,level_1
SPAC343.04c,level_0
SPAC343.05,level_4
SPAC343.06c,level_0
SPAC343.07,level_0
SPAC343.08c,level_3
SPAC343.09,level_1
SPAC343.10,level_0
SPAC343.11c,level_0
SPAC343.12,level_0
SPAC343.13,level_3
SPAC343.14c,level_10
SPAC343.15,level_1
SPAC343.16,level_0
SPAC343.17c,level_2
SPAC343.19,level_0
SPAC343.21,level_0
SPAC3A11.02,level_0
SPAC3A11.03,level_0
SPAC3A11.04,level_0
SPAC3A11.06,level_0
SPAC3A11.07,level_0
SPAC3A11.08,level_6
SPAC3A11.09,level_0
SPAC3A11.10c,level_0
SPAC3A11.11c,level_0
SPAC3A11.12c,level_11
SPAC3A11.13,level_2
SPAC3A11.14c,level_0
SPAC3A12.02,level_3
SPAC3A12.03c,level_0
SPAC3A12.04c,level_8
SPAC3A12.05c,level_8
SPAC3A12.06c,level_0
SPAC3A12.07,level_9
SPAC3A12.08,level_0
SPAC3A12.10,level_10
SPAC3A12.11c,level_10
SPAC3A12.12,level_1
SPAC3A12.15,level_6
SPAC3A12.16c,Miscellaneous
SPAC3A12.17c,level_0
SPAC3A12.18,level_8
SPAC3C7.01c,level_0
SPAC3C7.02c,level_0
SPAC3C7.03c,level_3
SPAC3C7.04,level_1
SPAC3C7.05c,Miscellaneous
SPAC3C7.06c,level_0
SPAC3C7.07c,level_0
SPAC3C7.08c,level_6
SPAC3C7.09,level_0
SPAC3C7.10,level_0
SPAC3C7.11c,level_6
SPAC3C7.12,level_0
SPAC3C7.13c,level_0
SPAC3C7.14c,level_0
SPAC3F10.02c,level_0
SPAC3F10.03,level_11
SPAC3F10.04,level_0
SPAC3F10.06c,level_0
SPAC3F10.07c,level_0
SPAC3F10.08c,level_9
SPAC3F10.09,level_0
SPAC3F10.10c,level_0
SPAC3F10.11c,level_0
SPAC3F10.12c,level_0
SPAC3F10.13,level_0
SPAC3F10.16c,level_9
SPAC3F10.17,level_9
SPAC3F10.19,level_0
SPAC3G6.01,level_1
SPAC3G6.03c,level_0
SPAC3G6.04,level_0
SPAC3G6.05,level_0
SPAC3G6.06c,level_1
SPAC3G6.07,level_0
SPAC3G6.09c,level_0
SPAC3G6.10c,Miscellaneous
SPAC3G6.11,level_0
SPAC3G6.13c,level_1
SPAC3G9.01,level_0
SPAC3G9.02,level_1
SPAC3G9.03,level_2
SPAC3G9.04,level_1
SPAC3G9.05,level_0
SPAC3G9.06,level_10
SPAC3G9.07c,level_0
SPAC3G9.08,level_1
SPAC3G9.09c,level_10
SPAC3G9.11c,level_0
SPAC3G9.12,level_8
SPAC3G9.13c,level_3
SPAC3G9.14,level_10
SPAC3G9.15c,level_10
SPAC3G9.16c,level_7
SPAC3G9.17,level_2
SPAC3H1.01c,level_8
SPAC3H1.02c,level_0
SPAC3H1.03,level_0
SPAC3H1.04c,level_2
SPAC3H1.05,level_0
SPAC3H1.06c,level_0
SPAC3H1.07,level_1
SPAC3H1.08c,level_0
SPAC3H1.10,level_0
SPAC3H1.11,level_0
SPAC3H1.12c,level_0
SPAC3H1.13,level_0
SPAC3H5.06c,level_10
SPAC3H5.07,level_4
SPAC3H5.08c,level_0
SPAC3H5.09c,level_0
SPAC3H8.02,level_0
SPAC3H8.03,level_0
SPAC3H8.04,level_0
SPAC3H8.05c,level_2
SPAC3H8.06,level_10
SPAC3H8.08c,level_0
SPAC3H8.09c,level_0
SPAC3H8.10,level_6
SPAC458.02c,level_0
SPAC458.03,level_8
SPAC458.04c,level_0
SPAC458.05,level_2
SPAC458.06,level_0
SPAC458.07,level_7
SPAC4A8.02c,level_0
SPAC4A8.03c,level_2
SPAC4A8.04,Miscellaneous
SPAC4A8.05c,level_0
SPAC4A8.06c,level_0
SPAC4A8.07c,level_0
SPAC4A8.08c,level_5
SPAC4A8.09c,level_1
SPAC4A8.10,level_0
SPAC4A8.11c,level_9
SPAC4A8.12c,level_7
SPAC4A8.13c,level_10
SPAC4A8.14,level_0
SPAC4A8.15c,level_7
SPAC4A8.16c,level_11
SPAC4C5.01,level_0
SPAC4C5.03,level_0
SPAC4C5.04,level_3
SPAC4D7.01c,level_0
SPAC4D7.02c,level_0
SPAC4D7.03,level_0
SPAC4D7.04c,level_8
SPAC4D7.05,level_10
SPAC4D7.07c,level_0
SPAC4D7.08c,level_0
SPAC4D7.09,level_9
SPAC4D7.10c,level_0
SPAC4D7.11,level_0
SPAC4D7.12c,level_9
SPAC4D7.13,level_4
SPAC4D7.15,level_5
SPAC4F10.02,level_0
SPAC4F10.03c,level_8
SPAC4F10.04,level_1
SPAC4F10.05c,level_1
SPAC4F10.06,level_7
SPAC4F10.07c,level_1
SPAC4F10.08,level_0
SPAC4F10.09c,level_9
SPAC4F10.11,level_0
SPAC4F10.12,level_5
SPAC4F10.13c,level_1
SPAC4F10.14c,level_0
SPAC4F10.15c,level_1
SPAC4F10.16c,level_0
SPAC4F10.17,level_0
SPAC4F10.18,level_0
SPAC4F10.20,level_0
SPAC4F8.01,level_1
SPAC4F8.02c,level_6
SPAC4F8.03,level_7
SPAC4F8.04,level_9
SPAC4F8.05c,level_5
SPAC4F8.07c,level_7
SPAC4F8.08,level_0
SPAC4F8.10c,level_0
SPAC4F8.11,level_0
SPAC4F8.12c,level_10
SPAC4F8.13c,level_7
SPAC4F8.14c,level_8
SPAC4F8.15,level_0
SPAC4G8.02c,level_8
SPAC4G8.03c,level_1
SPAC4G8.04,level_0
SPAC4G8.05,level_0
SPAC4G8.06c,level_0
SPAC4G8.07c,level_0
SPAC4G8.08,level_0
SPAC4G8.10,level_9
SPAC4G8.11c,level_1
SPAC4G8.12c,level_8
SPAC4G8.13c,level_0
SPAC4G9.02,level_0
SPAC4G9.04c,level_10
SPAC4G9.05,level_0
SPAC4G9.07,level_0
SPAC4G9.08c,level_10
SPAC4G9.09c,level_0
SPAC4G9.10,level_0
SPAC4G9.11c,level_0
SPAC4G9.12,level_0
SPAC4G9.13c,level_1
SPAC4G9.14,level_0
SPAC4G9.15,level_8
SPAC4G9.16c,level_5
SPAC4G9.17c,level_7
SPAC4G9.19,level_0
SPAC4G9.20c,level_0
SPAC4G9.22,level_1
SPAC4H3.01,level_0
SPAC4H3.02c,level_0
SPAC4H3.04c,level_0
SPAC4H3.05,level_0
SPAC4H3.06,level_0
SPAC4H3.07c,level_0
SPAC4H3.09,level_7
SPAC4H3.11c,level_9
SPAC4H3.13,level_7
SPAC4H3.14c,level_0
SPAC4H3.16,level_0
SPAC513.01c,level_0
SPAC513.04,level_0
SPAC513.05,level_0
SPAC513.06c,level_0
SPAC513.07,level_0
SPAC521.02,level_0
SPAC521.03,level_0
SPAC521.04c,level_0
SPAC56E4.03,level_2
SPAC56E4.04c,level_9
SPAC56E4.05,level_7
SPAC56E4.06c,level_0
SPAC56E4.07,level_0
SPAC56F8.02,level_2
SPAC56F8.03,level_10
SPAC56F8.04c,level_1
SPAC56F8.05c,level_0
SPAC56F8.06c,level_0
SPAC56F8.07,level_0
SPAC56F8.08,level_0
SPAC56F8.09,level_0
SPAC56F8.10,level_8
SPAC56F8.11,level_8
SPAC56F8.12,level_0
SPAC56F8.13,level_0
SPAC56F8.14c,level_0
SPAC57A10.02,level_1
SPAC57A10.03,level_0
SPAC57A10.04,level_0
SPAC57A10.05c,level_0
SPAC57A10.06,level_0
SPAC57A10.07,level_0
SPAC57A10.08c,level_0
SPAC57A10.09c,level_0
SPAC57A10.10c,level_1
SPAC57A10.12c,level_1
SPAC57A10.14,level_0
SPAC57A7.04c,level_9
SPAC57A7.05,level_0
SPAC57A7.06,level_9
SPAC57A7.07c,level_0
SPAC57A7.08,level_0
SPAC57A7.10c,level_11
SPAC57A7.11,level_10
SPAC57A7.13,level_0
SPAC57A7.15c,level_0
SPAC589.02c,level_0
SPAC589.03c,level_0
SPAC589.04,level_8
SPAC589.05c,level_0
SPAC589.08c,level_0
SPAC589.09,level_0
SPAC589.11,level_0
SPAC589.12,level_6
SPAC5D6.01,level_1
SPAC5D6.02c,level_0
SPAC5D6.04,level_0
SPAC5D6.05,level_2
SPAC5D6.06c,level_9
SPAC5D6.07c,level_0
SPAC5D6.09c,level_0
SPAC5D6.12,level_1
SPAC5D6.13,level_0
SPAC5H10.01,level_0
SPAC5H10.02c,level_0
SPAC5H10.03,level_0
SPAC5H10.04,level_1
SPAC5H10.05c,level_0
SPAC5H10.06c,level_0
SPAC5H10.07,level_0
SPAC5H10.08c,level_0
SPAC5H10.09c,level_0
SPAC5H10.10,level_0
SPAC5H10.11,level_0
SPAC5H10.12c,level_0
SPAC5H10.13c,level_0
SPAC607.02c,level_5
SPAC607.04,level_6
SPAC607.05,level_10
SPAC607.06c,level_0
SPAC607.08c,level_0
SPAC607.09c,level_0
SPAC607.10,level_0
SPAC630.03,level_10
SPAC630.05,level_1
SPAC630.06c,level_0
SPAC630.07c,level_0
SPAC630.08c,level_8
SPAC630.09c,level_0
SPAC630.10,level_0
SPAC630.11,level_0
SPAC630.12,level_7
SPAC630.13c,level_3
SPAC630.14c,level_1
SPAC630.15,level_0
SPAC631.01c,level_0
SPAC631.02,level_2
SPAC637.03,level_0
SPAC637.04,level_9
SPAC637.05c,level_4
SPAC637.06,level_3
SPAC637.07,level_2
SPAC637.08,level_9
SPAC637.09,level_2
SPAC637.10c,level_2
SPAC637.11,Miscellaneous
SPAC637.12c,level_7
SPAC637.13c,level_0
SPAC644.04,level_5
SPAC644.06c,level_0
SPAC644.07,level_1
SPAC644.08,level_0
SPAC644.09,level_0
SPAC644.11c,level_0
SPAC644.13c,level_0
SPAC644.14c,level_5
SPAC644.15,level_3
SPAC644.16,level_7
SPAC644.18c,level_8
SPAC664.01c,level_0
SPAC664.02c,level_2
SPAC664.03,level_0
SPAC664.04c,level_4
SPAC664.05,Miscellaneous
SPAC664.06,level_9
SPAC664.07c,level_0
SPAC664.08c,level_8
SPAC664.09,level_0
SPAC664.10,level_0
SPAC664.11,level_9
SPAC664.14,level_0
SPAC664.15,level_0
SPAC683.03,level_0
SPAC688.02c,level_7
SPAC688.04c,level_0
SPAC688.06c,level_0
SPAC688.07c,level_1
SPAC688.08,level_0
SPAC688.09,level_6
SPAC688.10,level_0
SPAC688.11,level_6
SPAC688.12c,level_0
SPAC688.13,level_0
SPAC688.14,level_0
SPAC688.16,level_0
SPAC694.02,level_2
SPAC694.03,level_0
SPAC694.04c,level_1
SPAC694.05c,level_0
SPAC694.06c,level_1
SPAC6B12.02c,level_4
SPAC6B12.03c,level_0
SPAC6B12.04c,level_0
SPAC6B12.05c,level_1
SPAC6B12.06c,level_0
SPAC6B12.07c,level_1
SPAC6B12.08,level_0
SPAC6B12.09,level_0
SPAC6B12.10c,level_8
SPAC6B12.11,level_11
SPAC6B12.12,level_1
SPAC6B12.13,level_10
SPAC6B12.14c,level_0
SPAC6B12.15,level_3
SPAC6B12.16,level_1
SPAC6B12.18,level_5
SPAC6C3.04,level_2
SPAC6C3.05,level_0
SPAC6C3.06c,level_0
SPAC6C3.07,level_0
SPAC6C3.08,level_1
SPAC6C3.09,level_2
SPAC6F12.02,level_0
SPAC6F12.03c,level_0
SPAC6F12.04,level_0
SPAC6F12.05c,level_8
SPAC6F12.06,level_0
SPAC6F12.07,level_5
SPAC6F12.08c,level_8
SPAC6F12.09,level_0
SPAC6F12.10c,level_0
SPAC6F12.11c,level_4
SPAC6F12.12,level_0
SPAC6F12.13c,level_9
SPAC6F12.14,level_8
SPAC6F12.15c,level_7
SPAC6F12.16c,level_10
SPAC6F12.17,level_8
SPAC6F6.01,level_0
SPAC6F6.02c,level_0
SPAC6F6.03c,level_10
SPAC6F6.04c,level_0
SPAC6F6.05,level_8
SPAC6F6.06c,level_0
SPAC6F6.07c,level_10
SPAC6F6.08c,level_8
SPAC6F6.09,level_0
SPAC6F6.10c,level_10
SPAC6F6.11c,level_0
SPAC6F6.12,level_0
SPAC6F6.13c,level_0
SPAC6F6.15,level_5
SPAC6F6.16c,level_4
SPAC6F6.17,level_1
SPAC6F6.19,level_0
SPAC6G10.02c,level_0
SPAC6G10.03c,level_0
SPAC6G10.04c,level_8
SPAC6G10.05c,level_8
SPAC6G10.06,level_0
SPAC6G10.07,level_7
SPAC6G10.08,level_0
SPAC6G10.09,level_6
SPAC6G10.11c,level_1
SPAC6G10.12c,level_1
SPAC6G9.01c,level_0
SPAC6G9.02c,level_9
SPAC6G9.03c,level_0
SPAC6G9.04,level_0
SPAC6G9.05,level_0
SPAC6G9.06c,level_9
SPAC6G9.07c,level_9
SPAC6G9.08,level_0
SPAC6G9.09c,level_1
SPAC6G9.10c,level_3
SPAC6G9.11,level_10
SPAC6G9.12,level_0
SPAC6G9.13c,level_0
SPAC6G9.14,level_1
SPAC6G9.15c,level_0
SPAC6G9.16c,level_0
SPAC732.01,Miscellaneous
SPAC732.02c,level_0
SPAC767.01c,level_1
SPAC7D4.02c,level_1
SPAC7D4.03c,level_0
SPAC7D4.04,level_0
SPAC7D4.05,level_0
SPAC7D4.06c,level_2
SPAC7D4.07c,level_1
SPAC7D4.09c,level_6
SPAC7D4.10,level_4
SPAC7D4.11c,level_10
SPAC7D4.12c,level_0
SPAC7D4.13c,level_0
SPAC7D4.14c,level_0
SPAC806.02c,level_9
SPAC806.04c,level_0
SPAC806.07,level_1
SPAC806.08c,level_0
SPAC821.03c,level_0
SPAC821.04c,level_0
SPAC821.05,level_4
SPAC821.06,level_0
SPAC821.07c,level_0
SPAC821.08c,level_9
SPAC821.09,level_0
SPAC821.10c,level_2
SPAC821.11,level_0
SPAC821.12,level_9
SPAC821.13c,level_0
SPAC823.03,level_0
SPAC823.04,level_7
SPAC823.05c,level_1
SPAC823.06,level_0
SPAC823.07,level_8
SPAC823.08c,level_10
SPAC823.09c,level_0
SPAC823.10c,level_1
SPAC823.11,level_0
SPAC823.12,level_4
SPAC823.13c,level_0
SPAC823.14,level_0
SPAC823.15,level_0
SPAC823.16c,level_0
SPAC824.02,level_4
SPAC824.03c,level_0
SPAC824.04,level_1
SPAC824.05,level_4
SPAC824.07,level_0
SPAC824.08,level_0
SPAC824.09c,level_0
SPAC869.02c,level_0
SPAC869.03c,level_0
SPAC869.04,level_0
SPAC869.05c,level_1
SPAC869.06c,level_0
SPAC869.07c,level_0
SPAC869.08,level_0
SPAC869.09,level_0
SPAC869.10c,level_0
SPAC869.11,level_1
SPAC890.02c,level_1
SPAC890.03,level_0
SPAC890.04c,level_8
SPAC890.06,level_8
SPAC890.07c,level_0
SPAC8C9.03,level_2
SPAC8C9.04,level_0
SPAC8C9.05,level_0
SPAC8C9.06c,level_1
SPAC8C9.08,level_7
SPAC8C9.09c,level_1
SPAC8C9.10c,level_5
SPAC8C9.11,level_0
SPAC8C9.12c,level_0
SPAC8C9.14,level_0
SPAC8C9.15c,level_10
SPAC8C9.16c,level_0
SPAC8E11.01c,level_0
SPAC8E11.03c,level_0
SPAC8E11.04c,level_0
SPAC8E11.05c,level_0
SPAC8E11.06,level_0
SPAC8E11.08c,level_0
SPAC8E11.10,level_0
SPAC8E11.12,level_0
SPAC8F11.02c,level_4
SPAC8F11.03,level_1
SPAC8F11.04,level_10
SPAC8F11.06,level_9
SPAC8F11.07c,level_7
SPAC8F11.09c,level_0
SPAC8F11.10c,level_0
SPAC9.02c,level_0
SPAC9.03c,level_10
SPAC9.05,level_1
SPAC9.06c,level_0
SPAC9.07c,level_0
SPAC9.08c,level_0
SPAC9.09,level_10
SPAC9.10,level_0
SPAC9.11,level_0
SPAC9.12c,level_1
SPAC9.13c,level_9
SPAC922.03,level_0
SPAC922.04,level_0
SPAC922.05c,level_0
SPAC922.06,level_0
SPAC922.07c,level_0
SPAC922.09,level_0
SPAC926.02,level_0
SPAC926.03,level_0
SPAC926.04c,level_9
SPAC926.06c,level_0
SPAC926.07c,level_0
SPAC926.08c,level_8
SPAC926.09c,level_10
SPAC959.02,level_9
SPAC959.03c,level_9
SPAC959.04c,level_3
SPAC959.06c,level_0
SPAC959.07,level_0
SPAC959.08,level_5
SPAC959.09c,level_8
SPAC959.11,level_1
SPAC977.03,level_0
SPAC977.05c,level_1
SPAC977.10,level_0
SPAC977.11,level_0
SPAC977.12,level_0
SPAC977.14c,level_0
SPAC977.15,level_0
SPAC977.16c,level_0
SPAC977.17,level_0
SPAC977.18,level_0
SPAC9E9.02,level_0
SPAC9E9.03,level_0
SPAC9E9.04,level_0
SPAC9E9.05,level_0
SPAC9E9.06c,level_10
SPAC9E9.07c,level_10
SPAC9E9.08,level_1
SPAC9E9.09c,level_2
SPAC9E9.10c,level_0
SPAC9E9.11,level_0
SPAC9E9.12c,level_0
SPAC9E9.13,level_0
SPAC9E9.14,level_1
SPAC9E9.15,level_0
SPAC9E9.17c,level_0
SPAC9G1.02,level_1
SPAC9G1.04,level_0
SPAC9G1.05,level_0
SPAC9G1.06c,level_0
SPAC9G1.07,level_1
SPAC9G1.08c,level_5
SPAC9G1.09,level_8
SPAC9G1.10c,level_0
SPAC9G1.11c,level_0
SPAC9G1.13c,level_6
SPAC9G1.14,level_0
SPACUNK12.02c,level_0
SPACUNK4.06c,level_8
SPACUNK4.07c,level_4
SPACUNK4.08,level_0
SPACUNK4.09,level_0
SPACUNK4.10,level_0
SPACUNK4.11c,level_0
SPACUNK4.12c,level_0
SPACUNK4.13c,level_0
SPACUNK4.14,level_0
SPACUNK4.16c,level_0
SPACUNK4.17,level_0
SPACUNK4.19,level_0
SPAP11E10.01,level_0
SPAP11E10.02c,level_0
SPAP14E8.02,level_0
SPAP14E8.03,level_8
SPAP14E8.04,level_0
SPAP14E8.05c,level_0
SPAP27G11.02,level_0
SPAP27G11.03,level_8
SPAP27G11.05c,level_2
SPAP27G11.06c,level_2
SPAP27G11.07c,level_7
SPAP27G11.08c,level_1
SPAP27G11.09c,level_5
SPAP27G11.10c,level_9
SPAP27G11.11c,level_0
SPAP27G11.12,level_0
SPAP27G11.14c,level_1
SPAP27G11.15,level_0
SPAP27G11.16,level_0
SPAP32A8.02,level_0
SPAP32A8.03c,level_0
SPAP4C9.02,level_0
SPAP7G5.02c,level_10
SPAP7G5.03,level_0
SPAP7G5.04c,level_0
SPAP7G5.06,level_0
SPAP8A3.02c,level_0
SPAP8A3.03,level_0
SPAP8A3.05,level_0
SPAP8A3.07c,level_7
SPAP8A3.08,level_7
SPAP8A3.09c,level_9
SPAP8A3.10,level_7
SPAP8A3.11c,level_3
SPAP8A3.12c,level_0
SPAP8A3.13c,level_0
SPAP8A3.14c,level_1
SPAPB15E9.01c,level_0
SPAPB15E9.02c,level_0
SPAPB17E12.03,level_0
SPAPB17E12.04c,level_1
SPAPB17E12.05,level_3
SPAPB17E12.06,level_7
SPAPB17E12.07c,level_9
SPAPB17E12.08,level_0
SPAPB17E12.09,level_0
SPAPB17E12.10c,level_2
SPAPB17E12.11,level_8
SPAPB17E12.14c,level_0
SPAPB18E9.01,level_7
SPAPB18E9.02c,level_0
SPAPB18E9.04c,level_0
SPAPB1A10.02,level_5
SPAPB1A10.03,level_0
SPAPB1A10.04c,level_9
SPAPB1A10.06c,level_10
SPAPB1A10.07c,level_0
SPAPB1A10.08,level_0
SPAPB1A10.09,level_1
SPAPB1A10.10c,level_0
SPAPB1A10.11c,level_4
SPAPB1A10.12c,level_0
SPAPB1A10.13,level_0
SPAPB1A10.15,level_0
SPAPB1A10.16,level_0
SPAPB1A11.02,level_0
SPAPB1A11.03,level_0
SPAPB1A11.04c,level_5
SPAPB1E7.01c,level_3
SPAPB1E7.02c,level_5
SPAPB1E7.03,level_9
SPAPB1E7.04c,level_0
SPAPB1E7.05,level_0
SPAPB1E7.06c,level_5
SPAPB1E7.07,level_0
SPAPB1E7.08c,level_0
SPAPB1E7.09,level_9
SPAPB1E7.10,level_8
SPAPB1E7.11c,level_1
SPAPB1E7.14,level_0
SPAPB21F2.02,level_0
SPAPB24D3.01,level_0
SPAPB24D3.02c,level_0
SPAPB24D3.03,level_0
SPAPB24D3.04c,level_0
SPAPB24D3.06c,level_0
SPAPB24D3.07c,level_0
SPAPB24D3.08c,level_0
SPAPB24D3.09c,level_0
SPAPB24D3.10c,level_0
SPAPB2B4.01c,level_7
SPAPB2B4.02,level_1
SPAPB2B4.03,level_0
SPAPB2B4.04c,level_1
SPAPB2B4.05,level_4
SPAPB2B4.06,level_0
SPAPB2B4.07,level_0
SPAPB2C8.01,level_0
SPAPB8E5.03,level_0
SPAPB8E5.04c,level_0
SPAPB8E5.05,Miscellaneous
SPAPB8E5.07c,level_10
SPAPB8E5.08,level_0
SPAPB8E5.09,level_10
SPAPB8E5.10,level_0
SPAPJ691.02,level_0
SPAPJ691.03,level_0
SPAPJ695.01c,level_0
SPAPJ696.01c,level_0
SPAPJ696.02,level_0
SPAPJ698.03c,level_9
SPAPJ760.02c,level_0
SPAPYUG7.02c,level_3
SPAPYUG7.03c,level_1
SPAPYUG7.04c,level_0
SPAPYUG7.06,level_0
SPAPYUK71.03c,level_0
SPBC106.01,level_1
SPBC106.02c,level_0
SPBC106.03,Miscellaneous
SPBC106.04,level_1
SPBC106.05c,level_0
SPBC106.06,level_10
SPBC106.07c,level_5
SPBC106.08c,level_0
SPBC106.09,level_9
SPBC106.10,level_4
SPBC106.11c,level_0
SPBC106.13,level_0
SPBC106.14c,level_10
SPBC106.15,level_10
SPBC106.16,level_10
SPBC106.17c,level_3
SPBC106.18,level_10
SPBC106.19,level_1
SPBC106.20,level_2
SPBC1105.01,level_0
SPBC1105.02c,level_0
SPBC1105.03c,level_5
SPBC1105.04c,level_3
SPBC1105.05,level_0
SPBC1105.06,level_3
SPBC1105.07c,level_6
SPBC1105.08,level_0
SPBC1105.09,level_1
SPBC1105.10,level_0
SPBC1105.11c,level_0
SPBC1105.12,level_0
SPBC1105.13c,level_0
SPBC1105.14,level_0
SPBC1105.15c,level_2
SPBC1105.16c,level_9
SPBC1105.17,level_5
SPBC1105.19,level_0
SPBC115.01c,level_8
SPBC115.02c,level_0
SPBC115.03,level_0
SPBC119.01,level_11
SPBC119.02,level_8
SPBC119.03,level_0
SPBC119.06,level_1
SPBC119.07,level_1
SPBC119.08,level_0
SPBC119.10,level_9
SPBC119.11c,level_8
SPBC119.12,level_1
SPBC119.13c,level_10
SPBC119.14,level_0
SPBC119.15,level_9
SPBC119.16c,level_0
SPBC119.17,level_8
SPBC119.18,level_5
SPBC1198.01,level_0
SPBC1198.02,level_0
SPBC1198.03c,level_0
SPBC1198.04c,level_5
SPBC1198.05,level_10
SPBC1198.06c,level_0
SPBC1198.07c,level_0
SPBC1198.08,level_0
SPBC1198.09,level_0
SPBC1198.10c,level_5
SPBC1198.11c,level_0
SPBC1198.12,level_0
SPBC1198.13c,level_7
SPBC1198.14c,level_0
SPBC11B10.01,level_10
SPBC11B10.03,level_8
SPBC11B10.04c,level_6
SPBC11B10.05c,level_0
SPBC11B10.06,level_2
SPBC11B10.07c,level_1
SPBC11B10.08,level_0
SPBC11B10.09,level_8
SPBC11C11.01,level_1
SPBC11C11.02,level_3
SPBC11C11.03,level_8
SPBC11C11.04c,level_9
SPBC11C11.05,level_7
SPBC11C11.07,level_6
SPBC11C11.08,level_0
SPBC11C11.09c,level_3
SPBC11C11.10,level_0
SPBC11C11.11c,level_0
SPBC11G11.01,level_0
SPBC11G11.02c,level_0
SPBC11G11.04,level_7
SPBC11G11.06c,level_10
SPBC11G11.07,level_5
SPBC1215.01,level_0
SPBC1215.02c,level_3
SPBC1271.01c,level_0
SPBC1271.02,level_9
SPBC1271.03c,level_0
SPBC1271.05c,level_0
SPBC1271.06c,level_0
SPBC1271.08c,level_0
SPBC1271.09,level_0
SPBC1271.10c,level_0
SPBC1271.11,level_0
SPBC1271.12,level_0
SPBC1271.13,level_5
SPBC1271.14,level_0
SPBC1271.15c,level_1
SPBC1289.01c,level_0
SPBC1289.02c,level_7
SPBC1289.03c,level_11
SPBC1289.04c,level_8
SPBC1289.06c,level_1
SPBC1289.07c,level_9
SPBC1289.08,level_8
SPBC1289.10c,level_1
SPBC1289.11,level_0
SPBC1289.12,level_6
SPBC1289.13c,level_0
SPBC1289.14,level_0
SPBC1289.15,level_0
SPBC1289.16c,level_0
SPBC1289.17,level_0
SPBC12C2.01c,level_0
SPBC12C2.02c,level_3
SPBC12C2.03c,level_0
SPBC12C2.04,level_0
SPBC12C2.05c,level_0
SPBC12C2.06,level_10
SPBC12C2.07c,level_1
SPBC12C2.08,level_0
SPBC12C2.09c,level_0
SPBC12C2.10c,level_7
SPBC12C2.11,level_10
SPBC12C2.12c,level_0
SPBC12C2.13c,level_0
SPBC12D12.01,level_8
SPBC12D12.02c,level_0
SPBC12D12.03,level_9
SPBC12D12.04c,level_0
SPBC12D12.05c,level_0
SPBC12D12.06,level_0
SPBC12D12.07c,level_1
SPBC12D12.08c,level_8
SPBC12D12.09,level_0
SPBC1306.01c,level_5
SPBC1306.02,level_5
SPBC1347.01c,level_0
SPBC1347.02,level_2
SPBC1347.03,level_0
SPBC1347.04,level_7
SPBC1347.05c,level_7
SPBC1347.06c,level_1
SPBC1347.07,level_0
SPBC1347.08c,level_0
SPBC1347.09,level_0
SPBC1347.10,level_8
SPBC1347.11,level_0
SPBC1347.12,level_0
SPBC1347.13c,level_0
SPBC1347.14c,level_0
SPBC13A2.01c,level_2
SPBC13A2.02,level_10
SPBC13A2.03,level_9
SPBC13A2.04c,level_0
SPBC13E7.01,level_10
SPBC13E7.02,level_7
SPBC13E7.03c,level_0
SPBC13E7.05,level_8
SPBC13E7.06,level_0
SPBC13E7.07,level_0
SPBC13E7.08c,level_0
SPBC13E7.09,level_0
SPBC13E7.10c,level_10
SPBC13E7.11,level_0
SPBC13G1.01c,level_6
SPBC13G1.02,level_0
SPBC13G1.04c,level_0
SPBC13G1.05,level_3
SPBC13G1.06c,level_7
SPBC13G1.07,level_5
SPBC13G1.08c,level_1
SPBC13G1.09,level_1
SPBC13G1.10c,level_1
SPBC13G1.11,level_10
SPBC13G1.12,level_0
SPBC13G1.13,level_8
SPBC13G1.15c,level_0
SPBC146.01,level_5
SPBC146.02,level_0
SPBC146.03c,level_8
SPBC146.05c,level_11
SPBC146.06c,level_0
SPBC146.08c,level_8
SPBC146.09c,level_3
SPBC146.10,level_0
SPBC146.12,level_1
SPBC146.13c,level_6
SPBC146.14c,level_11
SPBC14C8.01c,level_4
SPBC14C8.02,level_8
SPBC14C8.03,level_0
SPBC14C8.04,level_0
SPBC14C8.05c,Miscellaneous
SPBC14C8.06,level_7
SPBC14C8.07c,level_10
SPBC14C8.09c,level_0
SPBC14C8.10,level_5
SPBC14C8.11c,level_0
SPBC14C8.12,Miscellaneous
SPBC14C8.13,level_1
SPBC14C8.14c,level_8
SPBC14C8.16c,level_4
SPBC14C8.17c,level_2
SPBC14C8.19,level_0
SPBC14F5.01,level_0
SPBC14F5.02,level_6
SPBC14F5.03c,level_3
SPBC14F5.04c,level_9
SPBC14F5.05c,level_9
SPBC14F5.06,level_10
SPBC14F5.07,level_0
SPBC14F5.08,level_3
SPBC14F5.09c,level_2
SPBC14F5.10c,level_0
SPBC14F5.12c,level_0
SPBC14F5.13c,level_0
SPBC1539.02,level_0
SPBC1539.03c,level_0
SPBC1539.04,level_0
SPBC1539.05,level_9
SPBC1539.06,level_3
SPBC1539.08,level_0
SPBC1539.09c,level_10
SPBC1539.10,level_2
SPBC15C4.01c,level_1
SPBC15C4.02,level_0
SPBC15C4.03,level_10
SPBC15C4.04c,level_0
SPBC15C4.05,level_1
SPBC15C4.06c,level_0
SPBC15D4.01c,level_0
SPBC15D4.02,level_0
SPBC15D4.03,level_1
SPBC15D4.04,level_9
SPBC15D4.05,level_0
SPBC15D4.06,level_0
SPBC15D4.07c,level_0
SPBC15D4.08c,level_0
SPBC15D4.09c,level_0
SPBC15D4.10c,level_7
SPBC15D4.11c,level_7
SPBC15D4.13c,level_0
SPBC15D4.14,level_6
SPBC1604.01,level_0
SPBC1604.02c,level_2
SPBC1604.03c,level_0
SPBC1604.04,level_0
SPBC1604.05,Miscellaneous
SPBC1604.06c,level_9
SPBC1604.07,level_2
SPBC1604.08c,level_4
SPBC1604.09c,level_0
SPBC1604.10,level_4
SPBC1604.12,level_0
SPBC1604.13c,level_2
SPBC1604.14c,level_10
SPBC1604.15,level_9
SPBC1604.16c,level_0
SPBC1604.17c,level_8
SPBC1604.18c,level_0
SPBC1604.19c,level_0
SPBC1604.20c,level_1
SPBC1604.21c,level_10
SPBC1604.25,level_1
SPBC1652.01,level_0
SPBC1652.02,level_11
SPBC1677.02,level_7
SPBC1677.03c,level_8
SPBC1683.01,level_0
SPBC1683.02,level_0
SPBC1683.03c,level_0
SPBC1683.04,level_0
SPBC1683.05,level_0
SPBC1683.06c,level_0
SPBC1683.07,level_0
SPBC1683.08,level_0
SPBC1683.09c,level_0
SPBC1683.10c,level_0
SPBC1683.11c,level_1
SPBC1683.12,level_0
SPBC1683.13c,level_0
SPBC1685.01,level_0
SPBC1685.02c,level_1
SPBC1685.03,level_10
SPBC1685.04,level_0
SPBC1685.05,level_0
SPBC1685.06,level_0
SPBC1685.07c,level_0
SPBC1685.08,level_1
SPBC1685.11,level_0
SPBC1685.14c,level_0
SPBC1685.15c,level_0
SPBC1685.16,level_5
SPBC1685.17,level_0
SPBC16A3.01,level_0
SPBC16A3.02c,level_0
SPBC16A3.03c,level_1
SPBC16A3.05c,level_10
SPBC16A3.06,level_0
SPBC16A3.07c,level_1
SPBC16A3.08c,level_0
SPBC16A3.09c,level_7
SPBC16A3.10,level_0
SPBC16A3.11,level_6
SPBC16A3.12c,level_0
SPBC16A3.13,level_0
SPBC16A3.15c,level_8
SPBC16A3.16,level_0
SPBC16A3.17c,level_0
SPBC16A3.18,level_0
SPBC16A3.19,level_1
SPBC16C6.01c,level_0
SPBC16C6.02c,level_0
SPBC16C6.03c,level_2
SPBC16C6.04,level_0
SPBC16C6.05,level_1
SPBC16C6.06,level_0
SPBC16C6.07c,Miscellaneous
SPBC16C6.08c,level_0
SPBC16C6.09,level_4
SPBC16C6.10,level_0
SPBC16C6.12c,level_7
SPBC16C6.13c,level_0
SPBC16C6.14,level_0
SPBC16D10.01c,level_3
SPBC16D10.02,level_2
SPBC16D10.03,level_7
SPBC16D10.04c,level_8
SPBC16D10.05,level_0
SPBC16D10.06,level_5
SPBC16D10.07c,level_0
SPBC16D10.08c,level_0
SPBC16D10.09,level_8
SPBC16D10.10,level_7
SPBC16D10.11c,level_2
SPBC16E9.01c,level_0
SPBC16E9.02c,level_0
SPBC16E9.03c,level_1
SPBC16E9.06c,level_0
SPBC16E9.07,level_0
SPBC16E9.08,level_0
SPBC16E9.10c,level_9
SPBC16E9.11c,level_0
SPBC16E9.12c,level_0
SPBC16E9.13,level_0
SPBC16E9.14c,level_0
SPBC16E9.15,level_0
SPBC16E9.16c,level_0
SPBC16G5.02c,level_0
SPBC16G5.03,level_0
SPBC16G5.04,level_5
SPBC16G5.05c,level_0
SPBC16G5.07c,level_0
SPBC16G5.08,level_10
SPBC16G5.09,level_0
SPBC16G5.10,level_9
SPBC16G5.11c,level_0
SPBC16G5.12c,level_6
SPBC16G5.13,level_0
SPBC16G5.14c,level_10
SPBC16G5.15c,level_5
SPBC16G5.16,level_0
SPBC16G5.17,level_0
SPBC16G5.18,level_5
SPBC16G5.19,level_0
SPBC16H5.02,level_10
SPBC16H5.03c,level_4
SPBC16H5.04,level_0
SPBC16H5.05c,level_0
SPBC16H5.06,level_1
SPBC16H5.07c,level_1
SPBC16H5.08c,level_4
SPBC16H5.10c,level_9
SPBC16H5.11c,level_0
SPBC16H5.12c,level_0
SPBC16H5.13,level_2
SPBC16H5.14c,level_2
SPBC16H5.15,level_6
SPBC1703.01c,level_10
SPBC1703.02,level_5
SPBC1703.03c,level_2
SPBC1703.04,level_0
SPBC1703.05,level_10
SPBC1703.06,level_0
SPBC1703.07,level_0
SPBC1703.08c,level_0
SPBC1703.09,level_0
SPBC1703.10,level_8
SPBC1703.11,level_0
SPBC1703.12,level_0
SPBC1703.14c,level_1
SPBC1703.15c,level_4
SPBC1706.01,level_0
SPBC1706.03,level_1
SPBC1709.01,level_0
SPBC1709.02c,level_10
SPBC1709.03,level_3
SPBC1709.04c,level_0
SPBC1709.05,level_5
SPBC1709.06,level_0
SPBC1709.07,level_7
SPBC1709.08,level_8
SPBC1709.09,level_0
SPBC1709.10c,level_0
SPBC1709.11c,level_0
SPBC1709.12,level_0
SPBC1709.13c,level_0
SPBC1709.14,level_0
SPBC1709.15c,level_8
SPBC1709.16c,level_0
SPBC1709.17,level_7
SPBC1709.18,level_0
SPBC1709.19c,level_0
SPBC1711.03,level_0
SPBC1711.04,level_0
SPBC1711.05,level_2
SPBC1711.07,level_8
SPBC1711.08,level_2
SPBC1711.09c,level_0
SPBC1711.10c,level_5
SPBC1711.11,level_0
SPBC1711.12,level_0
SPBC1711.13,level_0
SPBC1711.14,level_0
SPBC1711.15c,level_0
SPBC1711.17,level_7
SPBC1718.01,level_1
SPBC1718.02,level_0
SPBC1718.03,level_4
SPBC1718.04,level_9
SPBC1718.05,level_8
SPBC1718.06,level_2
SPBC1718.07c,level_0
SPBC1734.01c,level_10
SPBC1734.02c,level_7
SPBC1734.03,level_7
SPBC1734.04,level_8
SPBC1734.05c,level_0
SPBC1734.06,level_0
SPBC1734.07c,level_0
SPBC1734.08,level_0
SPBC1734.09,level_0
SPBC1734.10c,level_8
SPBC1734.11,level_7
SPBC1734.12c,level_2
SPBC1734.13,level_3
SPBC1734.14c,level_7
SPBC1734.15,level_0
SPBC1734.16c,level_5
SPBC1773.01,level_0
SPBC1773.02c,level_0
SPBC1773.03c,level_0
SPBC1773.04,level_0
SPBC1773.05c,level_0
SPBC1773.06c,level_0
SPBC1773.07c,level_9
SPBC1773.08c,level_0
SPBC1773.09c,level_0
SPBC1773.10c,level_10
SPBC1773.11c,level_10
SPBC1773.12,level_0
SPBC1773.13,level_0
SPBC1773.14,level_0
SPBC1773.15,level_0
SPBC1773.16c,level_0
SPBC1773.17c,level_0
SPBC1778.01c,level_5
SPBC1778.02,level_0
SPBC1778.03c,level_0
SPBC1778.04,level_0
SPBC1778.05c,level_8
SPBC1778.06c,level_0
SPBC1778.07,level_0
SPBC1778.08c,level_9
SPBC1778.09,level_0
SPBC1778.10c,level_1
SPBC17A3.01c,level_8
SPBC17A3.02,level_0
SPBC17A3.03c,level_0
SPBC17A3.04c,level_9
SPBC17A3.05c,level_2
SPBC17A3.06,level_2
SPBC17A3.07,level_7
SPBC17A3.08,level_0
SPBC17A3.09c,level_2
SPBC17A3.10,level_0
SPBC17D1.01,level_7
SPBC17D1.02,level_2
SPBC17D1.03c,level_7
SPBC17D1.05,level_0
SPBC17D1.06,level_1
SPBC17D1.07c,level_0
SPBC17D11.01,level_0
SPBC17D11.02c,level_0
SPBC17D11.03c,level_0
SPBC17D11.04c,level_0
SPBC17D11.05,Miscellaneous
SPBC17D11.06,level_10
SPBC17D11.07c,level_10
SPBC17D11.08,level_0
SPBC17F3.01c,level_0
SPBC17F3.02,level_8
SPBC17G9.02c,level_3
SPBC17G9.03c,level_9
SPBC17G9.04c,level_7
SPBC17G9.05,level_2
SPBC17G9.06c,level_0
SPBC17G9.08c,level_0
SPBC17G9.09,Miscellaneous
SPBC17G9.11c,level_10
SPBC17G9.12c,level_0
SPBC17G9.13c,level_0
SPBC1815.01,level_10
SPBC1826.01c,level_9
SPBC1861.01c,level_4
SPBC1861.02,level_1
SPBC1861.03,level_0
SPBC1861.04c,level_9
SPBC1861.05,level_5
SPBC1861.06c,level_0
SPBC1861.07,level_0
SPBC1861.08c,level_8
SPBC1861.09,level_0
SPBC18A7.01,level_0
SPBC18A7.02c,level_0
SPBC18E5.02c,level_9
SPBC18E5.03c,level_5
SPBC18E5.05c,level_6
SPBC18E5.07,level_0
SPBC18E5.09c,level_0
SPBC18E5.10,level_0
SPBC18E5.11c,level_0
SPBC18E5.12c,level_9
SPBC18H10.02,level_1
SPBC18H10.05,level_0
SPBC18H10.06c,level_1
SPBC18H10.07,level_1
SPBC18H10.08c,level_0
SPBC18H10.09,level_0
SPBC18H10.10c,level_0
SPBC18H10.11c,level_1
SPBC18H10.12c,level_8
SPBC18H10.14,level_10
SPBC18H10.15,level_0
SPBC18H10.16,level_0
SPBC18H10.17c,level_5
SPBC18H10.18c,level_0
SPBC18H10.19,level_0
SPBC18H10.20c,level_6
SPBC1921.02,level_7
SPBC1921.03c,level_2
SPBC1921.04c,level_0
SPBC1921.05,level_0
SPBC1921.06c,level_0
SPBC1921.07c,level_0
SPBC19C2.01,level_10
SPBC19C2.02,level_1
SPBC19C2.03,level_10
SPBC19C2.04c,level_0
SPBC19C2.05,level_7
SPBC19C2.06c,level_0
SPBC19C2.07,level_10
SPBC19C2.08,level_9
SPBC19C2.09,level_0
SPBC19C2.10,level_0
SPBC19C2.11c,level_0
SPBC19C2.12,level_5
SPBC19C2.13c,level_2
SPBC19C2.14,level_10
SPBC19C2.15c,level_7
SPBC19C7.01,level_0
SPBC19C7.02,level_3
SPBC19C7.03,level_3
SPBC19C7.06,level_10
SPBC19C7.07c,level_9
SPBC19C7.08c,level_0
SPBC19C7.09c,level_0
SPBC19C7.11,level_0
SPBC19C7.12c,level_0
SPBC19F5.01c,level_0
SPBC19F5.02c,level_9
SPBC19F5.03,level_8
SPBC19F5.04,level_10
SPBC19F5.05c,level_8
SPBC19F8.01c,level_0
SPBC19F8.03c,level_0
SPBC19F8.04c,level_1
SPBC19F8.05,level_5
SPBC19F8.06c,level_0
SPBC19F8.07,level_5
SPBC19F8.08,level_4
SPBC19G7.01c,level_0
SPBC19G7.02,level_1
SPBC19G7.03c,level_0
SPBC19G7.04,level_0
SPBC19G7.05c,level_8
SPBC19G7.06,level_0
SPBC19G7.07c,level_4
SPBC19G7.08c,level_0
SPBC19G7.09,level_3
SPBC19G7.10c,level_4
SPBC19G7.13,level_7
SPBC19G7.15,level_8
SPBC19G7.16,level_5
SPBC19G7.17,level_2
SPBC19G7.19,level_0
SPBC1A4.01,level_7
SPBC1A4.02c,level_0
SPBC1A4.03c,level_8
SPBC1A4.04,level_0
SPBC1A4.05,level_0
SPBC1A4.06c,level_4
SPBC1A4.07c,level_9
SPBC1A4.08c,level_10
SPBC1A4.09,level_3
SPBC1A4.10c,level_3
SPBC1A4.11c,level_8
SPBC1D7.01,level_0
SPBC1D7.02c,level_1
SPBC1D7.04,level_3
SPBC1D7.05,level_0
SPBC1E8.02,level_0
SPBC1E8.03c,level_0
SPBC20F10.01,level_10
SPBC20F10.02c,level_0
SPBC20F10.03,level_0
SPBC20F10.04c,level_6
SPBC20F10.05,level_0
SPBC20F10.06,level_0
SPBC20F10.07,level_0
SPBC20F10.08c,level_8
SPBC20F10.10,level_0
SPBC21.01,level_6
SPBC21.02,level_0
SPBC21.03c,level_0
SPBC21.04,level_4
SPBC21.06c,level_8
SPBC21.07c,level_0
SPBC211.01,level_6
SPBC211.02c,level_8
SPBC211.03c,level_10
SPBC211.04c,level_8
SPBC211.06,level_0
SPBC215.01,level_0
SPBC215.03c,level_2
SPBC215.04,level_1
SPBC215.05,level_1
SPBC215.06c,level_0
SPBC215.07c,level_0
SPBC215.08c,level_0
SPBC215.09c,level_8
SPBC215.10,level_0
SPBC215.11c,level_0
SPBC215.12,level_10
SPBC215.15,level_10
SPBC216.01c,level_0
SPBC216.02,level_0
SPBC216.04c,level_0
SPBC216.05,level_2
SPBC216.06c,level_1
SPBC216.07c,level_10
SPBC21B10.02,level_0
SPBC21B10.03c,level_0
SPBC21B10.05c,level_4
SPBC21B10.06c,level_0
SPBC21B10.07,level_0
SPBC21B10.08c,level_0
SPBC21B10.09,level_0
SPBC21B10.10,level_4
SPBC21B10.12,level_0
SPBC21B10.13c,level_0
SPBC21B10.14,level_0
SPBC21B10.15,level_0
SPBC21C3.01c,level_0
SPBC21C3.03,level_0
SPBC21C3.04c,level_5
SPBC21C3.05,level_10
SPBC21C3.06,level_0
SPBC21C3.07c,level_0
SPBC21C3.08c,level_1
SPBC21C3.09c,level_0
SPBC21C3.10c,level_6
SPBC21C3.11,level_0
SPBC21C3.12c,level_0
SPBC21C3.13,level_9
SPBC21C3.14c,level_0
SPBC21C3.15c,level_0
SPBC21C3.16c,level_0
SPBC21C3.17c,level_0
SPBC21C3.18,level_0
SPBC21C3.19,level_0
SPBC21C3.20c,level_2
SPBC21D10.05c,level_9
SPBC21D10.06c,level_0
SPBC21D10.07,level_0
SPBC21D10.08c,level_0
SPBC21D10.09c,level_0
SPBC21D10.11c,level_8
SPBC21D10.12,level_0
SPBC21H7.02,level_8
SPBC21H7.03c,level_0
SPBC21H7.04,level_7
SPBC21H7.05,level_4
SPBC21H7.06c,level_0
SPBC21H7.07c,level_0
SPBC23E6.01c,level_0
SPBC23E6.02,level_0
SPBC23E6.03c,level_0
SPBC23E6.04c,level_9
SPBC23E6.05,level_0
SPBC23E6.06c,level_9
SPBC23E6.07c,level_7
SPBC23E6.08,level_3
SPBC23E6.10c,level_0
SPBC23G7.04c,level_0
SPBC23G7.05,level_10
SPBC23G7.06c,level_1
SPBC23G7.07c,level_0
SPBC23G7.08c,level_2
SPBC23G7.10c,level_0
SPBC23G7.12c,level_0
SPBC23G7.13c,level_0
SPBC23G7.14,level_0
SPBC23G7.16,level_4
SPBC244.01c,level_7
SPBC244.02c,level_8
SPBC24C6.02,level_11
SPBC24C6.03,level_4
SPBC24C6.04,level_2
SPBC24C6.05,level_3
SPBC24C6.07,level_7
SPBC24C6.08c,level_0
SPBC24C6.09c,level_0
SPBC24C6.10c,level_0
SPBC24C6.13,level_0
SPBC25B2.01,level_0
SPBC25B2.02c,level_2
SPBC25B2.03,level_0
SPBC25B2.04c,level_0
SPBC25B2.05,level_10
SPBC25B2.06c,level_0
SPBC25B2.07c,level_0
SPBC25B2.08,level_0
SPBC25B2.09c,level_10
SPBC25B2.10,level_0
SPBC25B2.11,level_0
SPBC25D12.02c,level_2
SPBC25D12.03c,level_9
SPBC25D12.04,level_10
SPBC25D12.05,level_1
SPBC25D12.06,level_1
SPBC25H2.02,level_10
SPBC25H2.03,level_0
SPBC25H2.04c,level_8
SPBC25H2.05,level_0
SPBC25H2.06c,level_9
SPBC25H2.07,Miscellaneous
SPBC25H2.08c,level_1
SPBC25H2.09,level_0
SPBC25H2.10c,level_0
SPBC25H2.11c,level_3
SPBC25H2.12c,level_10
SPBC25H2.13c,level_10
SPBC25H2.14,level_0
SPBC25H2.15,Miscellaneous
SPBC25H2.16c,level_0
SPBC25H2.18,level_1
SPBC26H8.01,level_0
SPBC26H8.02c,level_5
SPBC26H8.03,level_0
SPBC26H8.04c,level_5
SPBC26H8.06,level_7
SPBC26H8.07c,level_10
SPBC26H8.08c,level_8
SPBC26H8.09c,level_0
SPBC26H8.10,level_8
SPBC26H8.11c,level_0
SPBC26H8.14c,level_1
SPBC26H8.16,level_0
SPBC27.01c,level_9
SPBC27.03,level_0
SPBC27.04,level_0
SPBC27.05,level_0
SPBC27.06c,level_6
SPBC27.08c,level_1
SPBC27B12.01c,level_7
SPBC27B12.02,level_3
SPBC27B12.03c,level_0
SPBC27B12.04c,level_0
SPBC27B12.05,level_0
SPBC27B12.06,level_7
SPBC27B12.07,level_0
SPBC27B12.08,level_7
SPBC27B12.09c,level_4
SPBC27B12.10c,level_0
SPBC27B12.11c,level_1
SPBC27B12.13,level_8
SPBC27B12.14,level_0
SPBC28E12.02,level_0
SPBC28E12.03,level_0
SPBC28E12.04,level_1
SPBC28E12.06c,level_1
SPBC28F2.02,level_0
SPBC28F2.05c,level_0
SPBC28F2.06c,level_7
SPBC28F2.07,level_0
SPBC28F2.08c,level_0
SPBC28F2.10c,level_2
SPBC28F2.11,level_0
SPBC28F2.12,level_10
SPBC29A10.01,level_3
SPBC29A10.02,level_0
SPBC29A10.03c,level_0
SPBC29A10.04,level_8
SPBC29A10.05,level_1
SPBC29A10.06c,level_0
SPBC29A10.07,level_1
SPBC29A10.09c,level_0
SPBC29A10.10c,level_0
SPBC29A10.11c,level_0
SPBC29A10.12,level_0
SPBC29A10.14,level_3
SPBC29A10.16c,level_5
SPBC29A10.17,level_9
SPBC29A3.01,level_0
SPBC29A3.02c,level_0
SPBC29A3.03c,level_0
SPBC29A3.05,level_0
SPBC29A3.06,level_8
SPBC29A3.07c,level_0
SPBC29A3.08,level_0
SPBC29A3.09c,level_0
SPBC29A3.11c,level_0
SPBC29A3.12,level_5
SPBC29A3.13,level_0
SPBC29A3.14c,level_0
SPBC29A3.15c,level_6
SPBC29A3.18,level_2
SPBC29A3.21,level_0
SPBC29B5.01,level_4
SPBC29B5.02c,level_0
SPBC29B5.04c,level_0
SPBC2A9.02,level_0
SPBC2A9.03,level_0
SPBC2A9.04c,level_0
SPBC2A9.05c,level_0
SPBC2A9.06c,level_9
SPBC2A9.07c,level_0
SPBC2A9.08c,level_7
SPBC2A9.09,level_3
SPBC2A9.10,level_0
SPBC2A9.11c,level_1
SPBC2A9.12,level_7
SPBC2A9.13,level_0
SPBC2A9.14,level_0
SPBC2D10.03c,level_0
SPBC2D10.04,level_0
SPBC2D10.05,level_0
SPBC2D10.06,level_0
SPBC2D10.07c,level_1
SPBC2D10.08c,level_5
SPBC2D10.09,level_1
SPBC2D10.10c,level_9
SPBC2D10.11c,level_0
SPBC2D10.12,level_0
SPBC2D10.13,level_0
SPBC2D10.14c,level_0
SPBC2D10.15c,level_0
SPBC2D10.16,level_2
SPBC2D10.17,level_0
SPBC2D10.18,level_1
SPBC2D10.19c,level_0
SPBC2D10.20,level_0
SPBC2F12.02c,level_5
SPBC2F12.03c,level_1
SPBC2F12.04,level_8
SPBC2F12.05c,level_0
SPBC2F12.08c,level_6
SPBC2F12.10,level_5
SPBC2F12.11c,level_0
SPBC2F12.12c,level_2
SPBC2F12.13,level_0
SPBC2F12.14c,level_11
SPBC2F12.15c,level_0
SPBC2G2.01c,level_2
SPBC2G2.02,level_2
SPBC2G2.03c,level_0
SPBC2G2.04c,level_3
SPBC2G2.05,level_0
SPBC2G2.06c,level_0
SPBC2G2.07c,level_1
SPBC2G2.08,level_0
SPBC2G2.09c,level_0
SPBC2G2.11,level_10
SPBC2G2.12,level_10
SPBC2G2.13c,level_1
SPBC2G2.14,level_1
SPBC2G2.15c,level_0
SPBC2G2.16,level_9
SPBC2G2.17c,level_1
SPBC2G5.01,level_0
SPBC2G5.02c,level_0
SPBC2G5.03,level_3
SPBC2G5.04c,level_0
SPBC2G5.05,level_8
SPBC2G5.06c,level_2
SPBC30B4.01c,level_0
SPBC30B4.02c,level_0
SPBC30B4.03c,level_0
SPBC30B4.04c,level_3
SPBC30B4.05,level_9
SPBC30B4.06c,level_0
SPBC30B4.07c,level_7
SPBC30B4.08,level_0
SPBC30B4.09,level_0
SPBC30D10.03c,level_0
SPBC30D10.04,level_1
SPBC30D10.05c,level_0
SPBC30D10.07c,level_4
SPBC30D10.08,level_2
SPBC30D10.09c,level_0
SPBC30D10.10c,level_2
SPBC30D10.11,level_9
SPBC30D10.12c,level_5
SPBC30D10.13c,level_4
SPBC30D10.14,level_0
SPBC30D10.15,level_8
SPBC30D10.16,level_0
SPBC30D10.17c,level_10
SPBC30D10.18c,level_0
SPBC317.01,level_1
SPBC31A8.01c,level_0
SPBC31E1.01c,level_0
SPBC31E1.02c,level_1
SPBC31E1.03,level_8
SPBC31E1.04,level_9
SPBC31E1.05,level_9
SPBC31E1.06,level_11
SPBC31F10.04c,level_4
SPBC31F10.05,level_0
SPBC31F10.07,level_0
SPBC31F10.08,level_0
SPBC31F10.09c,level_1
SPBC31F10.10c,level_3
SPBC31F10.11c,level_10
SPBC31F10.12,level_1
SPBC31F10.13c,level_2
SPBC31F10.14c,level_2
SPBC31F10.16,level_0
SPBC32C12.02,level_0
SPBC32C12.03c,level_0
SPBC32F12.01c,level_9
SPBC32F12.03c,level_0
SPBC32F12.04,level_8
SPBC32F12.05c,level_1
SPBC32F12.06,level_4
SPBC32F12.07c,level_0
SPBC32F12.08c,level_1
SPBC32F12.09,level_2
SPBC32F12.10,level_10
SPBC32F12.11,level_8
SPBC32F12.12c,level_0
SPBC32F12.16,level_5
SPBC32H8.01c,level_0
SPBC32H8.02c,level_0
SPBC32H8.03,level_1
SPBC32H8.04c,level_9
SPBC32H8.05,level_0
SPBC32H8.06,level_0
SPBC32H8.07,level_2
SPBC32H8.08c,level_0
SPBC32H8.09,level_0
SPBC32H8.10,level_6
SPBC32H8.11,level_0
SPBC32H8.12c,level_11
SPBC32H8.13c,level_0
SPBC336.01,level_7
SPBC336.02,level_10
SPBC336.03,level_0
SPBC336.04,level_10
SPBC336.05c,level_0
SPBC336.06c,level_0
SPBC336.07,level_8
SPBC336.08,level_7
SPBC336.09c,Miscellaneous
SPBC336.11,level_7
SPBC336.12c,level_7
SPBC336.13c,level_0
SPBC336.14c,level_1
SPBC336.15,level_8
SPBC336.16,level_0
SPBC337.02c,level_0
SPBC337.03,level_0
SPBC337.04,level_0
SPBC337.05c,level_9
SPBC337.06c,level_2
SPBC337.07c,level_0
SPBC337.08c,level_2
SPBC337.09,level_1
SPBC337.10c,level_10
SPBC337.11,level_0
SPBC337.12,level_10
SPBC337.13c,level_9
SPBC337.14,level_8
SPBC337.15c,level_1
SPBC337.16,level_0
SPBC342.01c,level_1
SPBC342.02,level_11
SPBC342.03,level_0
SPBC342.04,level_0
SPBC342.05,level_0
SPBC342.06c,level_1
SPBC354.01,level_0
SPBC354.02c,level_9
SPBC354.03,level_0
SPBC354.05c,level_0
SPBC354.06,level_5
SPBC354.07c,level_0
SPBC354.08c,level_0
SPBC354.09c,level_0
SPBC354.10,level_2
SPBC354.13,level_0
SPBC354.14c,level_0
SPBC354.15,level_0
SPBC359.01,level_0
SPBC359.02,level_0
SPBC359.03c,level_0
SPBC359.04c,level_0
SPBC359.05,level_1
SPBC359.06,level_0
SPBC36.01c,level_0
SPBC36.02c,level_0
SPBC36.03c,level_0
SPBC36.04,level_2
SPBC36.05c,level_5
SPBC36.06c,level_1
SPBC36.07,level_4
SPBC36.08c,level_10
SPBC36.09,level_9
SPBC36.10,level_0
SPBC36.11,level_0
SPBC36.12c,level_6
SPBC365.01,level_0
SPBC365.02c,level_1
SPBC365.03c,level_8
SPBC365.04c,level_1
SPBC365.07c,level_0
SPBC365.08c,level_0
SPBC365.10,level_3
SPBC365.12c,level_1
SPBC365.13c,level_4
SPBC365.14c,level_5
SPBC365.15,level_7
SPBC365.16,level_2
SPBC36B7.02,level_0
SPBC36B7.03,level_9
SPBC36B7.04,level_0
SPBC36B7.05c,level_0
SPBC36B7.06c,level_0
SPBC36B7.07,level_6
SPBC36B7.08c,level_0
SPBC36B7.09,level_0
SPBC3B8.01c,level_7
SPBC3B8.03,level_0
SPBC3B8.04c,level_1
SPBC3B8.05,level_2
SPBC3B8.06,level_1
SPBC3B8.07c,level_0
SPBC3B8.08,level_0
SPBC3B8.09,level_11
SPBC3B8.10,level_0
SPBC3B8.11,level_8
SPBC3B9.01,level_8
SPBC3B9.02c,level_10
SPBC3B9.03,level_9
SPBC3B9.04,level_0
SPBC3B9.05,level_1
SPBC3B9.06c,level_0
SPBC3B9.07c,level_9
SPBC3B9.08c,level_0
SPBC3B9.09,level_0
SPBC3B9.10,level_10
SPBC3B9.11c,level_0
SPBC3B9.12,level_7
SPBC3B9.13c,level_5
SPBC3B9.14c,level_7
SPBC3B9.15c,level_0
SPBC3B9.16c,level_3
SPBC3B9.17,level_4
SPBC3B9.19,level_10
SPBC3B9.21,level_5
SPBC3B9.22c,level_1
SPBC3D6.02,level_0
SPBC3D6.03c,level_3
SPBC3D6.04c,level_0
SPBC3D6.05,level_0
SPBC3D6.06c,level_0
SPBC3D6.07,level_9
SPBC3D6.08c,level_4
SPBC3D6.09,level_0
SPBC3D6.11c,level_1
SPBC3D6.12,level_8
SPBC3D6.13c,level_0
SPBC3D6.15,level_0
SPBC3D6.16,level_0
SPBC3E7.01,level_2
SPBC3E7.02c,level_0
SPBC3E7.04c,level_0
SPBC3E7.05c,level_0
SPBC3E7.06c,level_0
SPBC3E7.07c,level_0
SPBC3E7.08c,level_0
SPBC3E7.09,level_1
SPBC3E7.10,level_1
SPBC3E7.11c,level_0
SPBC3E7.12c,level_0
SPBC3E7.13c,level_7
SPBC3E7.14,level_8
SPBC3E7.15c,level_4
SPBC3E7.16c,level_0
SPBC3E7.17,level_0
SPBC3F6.01c,level_0
SPBC3F6.02c,level_7
SPBC3F6.03,level_5
SPBC3F6.04c,level_9
SPBC3F6.05,level_6
SPBC3H7.01,level_9
SPBC3H7.02,level_0
SPBC3H7.03c,level_0
SPBC3H7.04,level_5
SPBC3H7.05c,level_0
SPBC3H7.06c,level_0
SPBC3H7.07c,level_7
SPBC3H7.08c,level_0
SPBC3H7.09,level_0
SPBC3H7.10,level_5
SPBC3H7.11,level_1
SPBC3H7.12,level_0
SPBC3H7.13,level_0
SPBC4.01,level_0
SPBC4.02c,level_0
SPBC4.03c,level_7
SPBC4.04c,level_9
SPBC4.05,level_0
SPBC4.06,level_0
SPBC4.07c,level_10
SPBC405.01,level_0
SPBC405.03c,level_0
SPBC405.07,level_5
SPBC409.04c,level_7
SPBC409.06,level_0
SPBC409.07c,level_0
SPBC409.08,level_0
SPBC409.09c,level_8
SPBC409.10,level_0
SPBC409.11,level_0
SPBC409.12c,level_4
SPBC409.13,level_9
SPBC409.14c,level_2
SPBC409.15,level_9
SPBC409.16c,level_0
SPBC409.17c,level_0
SPBC409.18,level_0
SPBC409.19c,level_1
SPBC409.20c,level_6
SPBC409.21,level_6
SPBC409.23,level_4
SPBC418.01c,level_0
SPBC418.02,level_0
SPBC428.01c,level_6
SPBC428.02c,level_8
SPBC428.03c,level_0
SPBC428.04,level_2
SPBC428.05c,level_0
SPBC428.06c,level_2
SPBC428.07,level_0
SPBC428.08c,level_1
SPBC428.10,level_0
SPBC428.11,level_0
SPBC428.13c,level_7
SPBC428.14,level_0
SPBC428.15,level_0
SPBC428.16c,level_8
SPBC428.17c,level_0
SPBC428.18,level_10
SPBC428.19c,level_10
SPBC428.20c,level_8
SPBC460.01c,level_0
SPBC460.02c,level_0
SPBC460.03,level_1
SPBC460.04c,level_0
SPBC460.05,level_0
SPBC4B4.01c,level_7
SPBC4B4.02c,level_0
SPBC4B4.03,level_0
SPBC4B4.04,level_1
SPBC4B4.06,level_0
SPBC4B4.07c,level_2
SPBC4B4.08,level_0
SPBC4B4.09,level_8
SPBC4B4.10c,level_0
SPBC4B4.11,level_0
SPBC4B4.12c,level_0
SPBC4C3.04c,level_0
SPBC4C3.05c,level_9
SPBC4C3.06,level_0
SPBC4C3.08,level_0
SPBC4C3.09,level_0
SPBC4C3.10c,level_10
SPBC4C3.12,level_1
SPBC4F6.04,level_2
SPBC4F6.05c,level_0
SPBC4F6.06,level_2
SPBC4F6.07c,level_7
SPBC4F6.08c,level_1
SPBC4F6.09,level_0
SPBC4F6.10,level_2
SPBC4F6.11c,level_0
SPBC4F6.12,level_0
SPBC4F6.13c,level_10
SPBC4F6.14,level_9
SPBC4F6.15c,level_0
SPBC4F6.16c,level_0
SPBC4F6.17c,level_4
SPBC4F6.18c,level_10
SPBC530.01,level_0
SPBC530.02,level_0
SPBC530.03c,level_0
SPBC530.04,level_0
SPBC530.05,level_0
SPBC530.06c,level_0
SPBC530.08,level_0
SPBC530.09c,level_0
SPBC530.10c,level_2
SPBC530.11c,level_0
SPBC530.12c,level_9
SPBC530.13,level_0
SPBC530.14c,level_1
SPBC530.15c,level_0
SPBC530.16,level_9
SPBC543.02c,level_0
SPBC543.03c,level_0
SPBC543.04,level_5
SPBC543.05c,Miscellaneous
SPBC543.06c,level_9
SPBC543.07,level_0
SPBC543.08,level_0
SPBC543.09,level_2
SPBC543.10,level_0
SPBC557.02c,level_0
SPBC557.04,level_0
SPBC557.05,level_0
SPBC56F2.01,level_0
SPBC56F2.02,level_8
SPBC56F2.03,level_0
SPBC56F2.04,level_9
SPBC56F2.06,level_1
SPBC56F2.07c,level_9
SPBC56F2.08c,level_1
SPBC56F2.10c,level_1
SPBC56F2.11,level_1
SPBC56F2.12,level_8
SPBC56F2.14,level_0
SPBC577.02,level_5
SPBC577.04,level_4
SPBC577.05c,level_0
SPBC577.06c,level_10
SPBC577.07,level_7
SPBC577.08c,level_0
SPBC577.11,level_0
SPBC577.12,level_0
SPBC577.13,level_0
SPBC577.14c,level_0
SPBC582.03,level_5
SPBC582.04c,level_0
SPBC582.05c,level_1
SPBC582.06c,level_0
SPBC582.07c,level_11
SPBC582.08,level_0
SPBC582.09,level_0
SPBC582.10c,level_0
SPBC609.01,Miscellaneous
SPBC609.02,level_0
SPBC609.03,level_0
SPBC609.04,level_0
SPBC609.05,level_1
SPBC646.02,level_0
SPBC646.03,level_3
SPBC646.04,level_7
SPBC646.05c,level_8
SPBC646.06c,level_0
SPBC646.07c,level_8
SPBC646.09c,level_1
SPBC646.10c,level_9
SPBC646.11,level_9
SPBC646.12c,level_0
SPBC646.13,level_10
SPBC646.14c,level_7
SPBC646.15c,level_0
SPBC646.16,level_8
SPBC646.17c,level_0
SPBC649.02,level_1
SPBC649.03,level_0
SPBC649.04,level_0
SPBC649.05,level_7
SPBC651.01c,level_9
SPBC651.02,level_1
SPBC651.03c,level_0
SPBC651.04,level_0
SPBC651.07,level_0
SPBC651.08c,level_10
SPBC651.09c,level_2
SPBC651.10,level_2
SPBC651.11c,level_0
SPBC651.12c,level_0
SPBC660.05,level_0
SPBC660.06,level_0
SPBC660.07,level_1
SPBC660.08,level_0
SPBC660.09,level_0
SPBC660.10,level_1
SPBC660.11,level_1
SPBC660.12c,level_0
SPBC660.13c,level_9
SPBC660.14,level_0
SPBC660.15,level_5
SPBC660.16,level_9
SPBC660.17c,level_0
SPBC685.02,level_1
SPBC685.04c,level_0
SPBC685.05,level_8
SPBC685.07c,level_8
SPBC685.08,level_0
SPBC691.01,level_0
SPBC691.02c,level_9
SPBC691.03c,level_0
SPBC691.04,level_2
SPBC691.05c,level_0
SPBC6B1.02,level_1
SPBC6B1.03c,level_0
SPBC6B1.04,level_3
SPBC6B1.05c,level_0
SPBC6B1.06c,level_1
SPBC6B1.07,level_9
SPBC6B1.08c,level_1
SPBC6B1.09c,level_4
SPBC6B1.10,level_0
SPBC6B1.12c,level_0
SPBC713.02c,level_0
SPBC713.03,level_0
SPBC713.04c,level_9
SPBC713.05,level_0
SPBC713.06,level_0
SPBC713.07c,level_2
SPBC713.09,level_0
SPBC713.10,level_10
SPBC713.11c,level_0
SPBC713.12,level_8
SPBC725.01,level_1
SPBC725.02,level_1
SPBC725.03,level_0
SPBC725.04,Miscellaneous
SPBC725.05c,level_0
SPBC725.06c,level_0
SPBC725.07,level_0
SPBC725.08,level_7
SPBC725.09c,level_1
SPBC725.10,level_0
SPBC725.11c,level_1
SPBC725.13c,level_8
SPBC725.14,level_0
SPBC725.15,level_1
SPBC725.16,level_5
SPBC725.17c,level_6
SPBC776.01,level_0
SPBC776.03,level_9
SPBC776.04,level_4
SPBC776.05,level_0
SPBC776.06c,level_0
SPBC776.07,level_9
SPBC776.08c,level_9
SPBC776.09,level_3
SPBC776.10c,level_7
SPBC776.12c,level_8
SPBC776.13,level_8
SPBC776.14,level_0
SPBC776.15c,level_1
SPBC776.16,level_0
SPBC776.17,level_5
SPBC776.18c,level_5
SPBC800.02,level_0
SPBC800.05c,level_0
SPBC800.06,level_9
SPBC800.07c,level_1
SPBC800.08,level_2
SPBC800.09,level_1
SPBC800.10c,level_3
SPBC800.11,level_0
SPBC800.12c,level_0
SPBC800.13,level_6
SPBC800.14c,level_0
SPBC83.01,level_0
SPBC83.03c,level_0
SPBC83.04,level_0
SPBC83.05,level_0
SPBC83.06c,level_5
SPBC83.07,level_4
SPBC83.08,level_10
SPBC83.09c,level_0
SPBC83.10,level_0
SPBC83.11,level_0
SPBC83.12,level_0
SPBC83.13,level_0
SPBC83.14c,level_6
SPBC83.15,level_9
SPBC83.16c,level_0
SPBC83.18c,level_0
SPBC839.02,level_0
SPBC839.03c,level_0
SPBC839.05c,level_4
SPBC839.06,level_0
SPBC839.07,level_0
SPBC839.08c,level_8
SPBC839.10,level_5
SPBC839.11c,level_0
SPBC839.14c,level_0
SPBC839.15c,level_3
SPBC839.16,level_0
SPBC839.17c,level_0
SPBC839.19,level_0
SPBC839.20,level_0
SPBC887.01,level_0
SPBC887.02,level_0
SPBC887.03c,level_10
SPBC887.04c,level_1
SPBC887.06c,level_0
SPBC887.07,level_5
SPBC887.08,level_1
SPBC887.09c,level_9
SPBC887.10,level_1
SPBC887.11,level_0
SPBC887.12,level_9
SPBC887.13c,level_2
SPBC887.14c,level_8
SPBC887.15c,level_0
SPBC887.16,level_0
SPBC887.17,level_1
SPBC887.18c,level_2
SPBC887.19,level_8
SPBC887.22,level_0
SPBC8D2.01,level_0
SPBC8D2.05c,level_7
SPBC8D2.06,level_10
SPBC8D2.07c,level_3
SPBC8D2.09c,level_8
SPBC8D2.10c,level_0
SPBC8D2.11,level_0
SPBC8D2.12c,level_0
SPBC8D2.13,level_7
SPBC8D2.14c,level_9
SPBC8D2.15,level_3
SPBC8D2.16c,level_0
SPBC8D2.17,level_2
SPBC8D2.18c,level_7
SPBC8D2.19,level_0
SPBC8D2.23,level_0
SPBC8E4.01c,level_0
SPBC8E4.03,level_0
SPBC8E4.05c,level_0
SPBC902.02c,level_1
SPBC902.03,level_1
SPBC902.04,level_0
SPBC902.05c,level_2
SPBC902.06,level_0
SPBC947.01,level_0
SPBC947.02,level_5
SPBC947.04,level_0
SPBC947.05c,level_0
SPBC947.06c,level_0
SPBC947.07,level_11
SPBC947.08c,level_1
SPBC947.10,level_0
SPBC947.11c,level_0
SPBC947.12,level_5
SPBC947.13,level_10
SPBC947.14c,level_1
SPBC947.15c,level_0
SPBC9B6.04c,level_5
SPBC9B6.05c,level_5
SPBC9B6.06,level_5
SPBC9B6.07,level_5
SPBC9B6.09c,level_0
SPBC9B6.10,level_7
SPBC9B6.11c,level_2
SPBP16F5.02,level_5
SPBP16F5.03c,level_1
SPBP16F5.04,level_0
SPBP16F5.06,level_8
SPBP16F5.07,level_6
SPBP16F5.08c,level_0
SPBP18G5.02,level_4
SPBP18G5.03,level_0
SPBP19A11.03c,level_9
SPBP19A11.04c,level_8
SPBP19A11.06,level_6
SPBP19A11.07c,level_0
SPBP22H7.02c,level_10
SPBP22H7.03,level_7
SPBP22H7.04,level_0
SPBP22H7.05c,level_0
SPBP22H7.06,level_0
SPBP22H7.07,level_9
SPBP22H7.08,level_8
SPBP22H7.09c,level_6
SPBP23A10.02,level_2
SPBP23A10.03c,level_0
SPBP23A10.04,level_9
SPBP23A10.05,level_2
SPBP23A10.06,level_6
SPBP23A10.07,level_10
SPBP23A10.08,level_7
SPBP23A10.09,level_8
SPBP23A10.10,level_0
SPBP23A10.12,level_0
SPBP23A10.13,level_8
SPBP23A10.14c,level_0
SPBP23A10.15c,level_9
SPBP23A10.16,level_0
SPBP26C9.02c,level_0
SPBP26C9.03c,level_0
SPBP35G2.03c,level_0
SPBP35G2.04c,level_0
SPBP35G2.06c,level_1
SPBP35G2.07,level_10
SPBP35G2.08c,level_3
SPBP35G2.09,level_1
SPBP35G2.10,level_0
SPBP35G2.11c,level_1
SPBP35G2.12,level_0
SPBP35G2.13c,level_0
SPBP35G2.14,level_0
SPBP4G3.02,level_0
SPBP4G3.03,level_0
SPBP4H10.03,level_1
SPBP4H10.04,level_0
SPBP4H10.05c,level_2
SPBP4H10.06c,level_9
SPBP4H10.07,level_0
SPBP4H10.08,level_0
SPBP4H10.09,level_1
SPBP4H10.10,level_0
SPBP4H10.11c,level_1
SPBP4H10.12,level_0
SPBP4H10.14c,level_0
SPBP4H10.15,level_5
SPBP4H10.16c,level_0
SPBP4H10.17c,level_0
SPBP4H10.18c,level_0
SPBP4H10.19c,level_0
SPBP4H10.20,level_0
SPBP4H10.21c,level_8
SPBP8B7.01c,level_8
SPBP8B7.02,level_0
SPBP8B7.04,level_0
SPBP8B7.05c,level_3
SPBP8B7.06,level_4
SPBP8B7.07c,level_0
SPBP8B7.08c,level_0
SPBP8B7.09c,level_2
SPBP8B7.10c,level_2
SPBP8B7.11,level_3
SPBP8B7.13,level_0
SPBP8B7.14c,level_10
SPBP8B7.15c,level_11
SPBP8B7.16c,level_8
SPBP8B7.17c,level_7
SPBP8B7.18c,level_1
SPBP8B7.19,level_7
SPBP8B7.20c,level_10
SPBP8B7.21,level_1
SPBP8B7.22,Miscellaneous
SPBP8B7.23,level_0
SPBP8B7.24c,level_0
SPBP8B7.25,level_0
SPBP8B7.27,level_1
SPBP8B7.28c,level_0
SPBP8B7.29,level_0
SPBP8B7.30c,level_0
SPBP8B7.31,level_0
SPBP8B7.32,level_0
SPBPB10D8.02c,level_0
SPBPB21E7.01c,level_0
SPBPB21E7.02c,level_0
SPBPB21E7.04c,level_0
SPBPB21E7.05,level_0
SPBPB21E7.07,level_1
SPBPB21E7.09,level_0
SPBPB21E7.10,level_0
SPBPB21E7.11,level_0
SPBPB2B2.01,level_0
SPBPB2B2.02,level_0
SPBPB2B2.05,level_0
SPBPB2B2.06c,level_0
SPBPB2B2.08,level_0
SPBPB2B2.09c,level_0
SPBPB2B2.10c,level_0
SPBPB2B2.11,level_0
SPBPB2B2.12c,level_0
SPBPB2B2.13,level_0
SPBPB7E8.01,level_0
SPBPB7E8.02,level_0
SPBPB8B6.02c,level_0
SPBPB8B6.03,level_0
SPBPB8B6.04c,level_0
SPBPB8B6.05c,level_0
SPBPB8B6.06c,level_0
SPBPJ4664.01,level_1
SPBPJ4664.02,level_0
SPBPJ4664.03,level_0
SPBPJ4664.04,level_11
SPBPJ4664.05,level_0
SPBPJ4664.06,level_0
SPCC1020.01c,Miscellaneous
SPCC1020.02,level_8
SPCC1020.03,level_0
SPCC1020.04c,level_10
SPCC1020.07,level_0
SPCC1020.08,level_0
SPCC1020.09,level_0
SPCC1020.10,level_0
SPCC1020.11c,level_0
SPCC1020.12c,level_0
SPCC1020.13c,level_0
SPCC10H11.01,level_10
SPCC10H11.02,level_11
SPCC1183.01,level_8
SPCC1183.02,level_0
SPCC1183.03c,level_6
SPCC1183.04c,level_0
SPCC1183.05c,level_0
SPCC1183.06,level_0
SPCC1183.07,level_9
SPCC1183.08c,level_11
SPCC1183.09c,level_0
SPCC1183.10,level_0
SPCC1183.11,level_0
SPCC1183.12,level_0
SPCC11E10.01,level_0
SPCC11E10.02c,level_9
SPCC11E10.03,level_0
SPCC11E10.04,level_1
SPCC11E10.05c,level_0
SPCC11E10.08,level_1
SPCC11E10.09c,level_0
SPCC1223.01,level_1
SPCC1223.02,level_0
SPCC1223.03c,level_0
SPCC1223.04c,level_0
SPCC1223.06,level_0
SPCC1223.07c,level_11
SPCC1223.08c,level_7
SPCC1223.09,level_0
SPCC1223.10c,level_0
SPCC1223.11,level_2
SPCC1223.12c,level_0
SPCC1223.13,level_0
SPCC1223.14,level_10
SPCC1223.15c,level_1
SPCC1235.01,level_0
SPCC1235.02,level_0
SPCC1235.03,level_0
SPCC1235.04c,level_7
SPCC1235.05c,level_0
SPCC1235.06,level_0
SPCC1235.07,level_6
SPCC1235.08c,level_0
SPCC1235.09,level_0
SPCC1235.10c,level_8
SPCC1235.11,level_2
SPCC1235.12c,level_0
SPCC1235.13,level_0
SPCC1235.14,level_1
SPCC1235.15,level_0
SPCC1235.16,level_2
SPCC1235.17,level_0
SPCC1259.01c,level_10
SPCC1259.02c,level_0
SPCC1259.03,level_2
SPCC1259.04,level_1
SPCC1259.07,level_5
SPCC1259.09c,level_0
SPCC1259.10,level_0
SPCC1259.11c,level_1
SPCC1259.12c,level_1
SPCC1259.13,level_0
SPCC1259.14c,level_0
SPCC1259.15c,level_10
SPCC126.01c,level_0
SPCC126.02c,level_0
SPCC126.03,level_0
SPCC126.04c,level_0
SPCC126.05c,level_5
SPCC126.06,level_0
SPCC126.07c,level_0
SPCC126.08c,level_0
SPCC126.09,level_0
SPCC126.10,level_0
SPCC126.11c,level_0
SPCC126.14,level_7
SPCC1281.01,level_11
SPCC1281.02c,level_7
SPCC1281.03c,level_0
SPCC1281.04,level_0
SPCC1281.05,level_2
SPCC1281.07c,Miscellaneous
SPCC1281.08,level_0
SPCC132.01c,level_0
SPCC132.02,level_0
SPCC132.03,level_0
SPCC132.04c,level_0
SPCC1322.01,level_1
SPCC1322.02,level_0
SPCC1322.03,level_0
SPCC1322.04,level_9
SPCC1322.05c,level_0
SPCC1322.06,level_0
SPCC1322.07c,level_0
SPCC1322.08,level_1
SPCC1322.09,level_0
SPCC1322.12c,level_0
SPCC1322.14c,level_1
SPCC1322.15,level_0
SPCC1322.16,level_0
SPCC1393.03,level_5
SPCC1393.04,level_5
SPCC1393.05,level_0
SPCC1393.06c,level_10
SPCC1393.07c,level_0
SPCC1393.09c,level_0
SPCC1393.12,level_0
SPCC1393.13,level_0
SPCC1393.14,level_3
SPCC13B11.01,level_8
SPCC13B11.03c,level_0
SPCC13B11.04c,level_0
SPCC1442.01,level_0
SPCC1442.02,level_0
SPCC1442.03,level_1
SPCC1442.04c,level_1
SPCC1442.05c,level_0
SPCC1442.06,level_10
SPCC1442.07c,level_0
SPCC1442.08c,level_0
SPCC1442.09,level_10
SPCC1442.11c,level_0
SPCC1442.12,level_7
SPCC1442.14c,level_0
SPCC1442.16c,level_0
SPCC1442.17c,level_1
SPCC1442.19,level_1
SPCC1450.02,level_0
SPCC1450.04,level_11
SPCC1450.07c,level_0
SPCC1450.08c,level_0
SPCC1450.09c,level_0
SPCC1450.10c,level_9
SPCC1450.11c,level_0
SPCC1450.12,level_0
SPCC1450.13c,level_7
SPCC1450.14c,level_6
SPCC1450.15,level_8
SPCC1450.16c,level_0
SPCC1494.01,level_0
SPCC1494.02c,level_7
SPCC1494.04c,level_11
SPCC1494.05c,level_0
SPCC1494.06c,level_10
SPCC1494.07,level_0
SPCC1494.08c,level_0
SPCC1494.09c,level_0
SPCC1494.10,level_0
SPCC14G10.01,level_7
SPCC14G10.02,level_8
SPCC14G10.03c,level_5
SPCC14G10.04,level_1
SPCC1529.01,level_0
SPCC162.02c,level_0
SPCC162.03,level_0
SPCC162.06c,level_0
SPCC162.08c,level_7
SPCC162.09c,level_9
SPCC162.10,level_0
SPCC162.11c,level_0
SPCC162.12,level_0
SPCC1620.01c,level_5
SPCC1620.03,level_0
SPCC1620.04c,level_0
SPCC1620.05,level_9
SPCC1620.06c,level_11
SPCC1620.07c,level_0
SPCC1620.08,level_1
SPCC1620.09c,level_8
SPCC1620.11,level_10
SPCC1620.12c,level_0
SPCC1620.13,level_0
SPCC1620.14c,level_3
SPCC1672.01,level_0
SPCC1672.02c,level_11
SPCC1672.03c,level_0
SPCC1672.04c,level_1
SPCC1672.06c,level_6
SPCC1672.07,level_9
SPCC1672.08c,level_10
SPCC1672.09,level_0
SPCC1672.10,level_4
SPCC1672.11c,level_1
SPCC1672.12c,level_0
SPCC1682.01,level_0
SPCC1682.02c,level_9
SPCC1682.03c,level_2
SPCC1682.04,level_7
SPCC1682.06,level_0
SPCC1682.07,level_7
SPCC1682.08c,level_0
SPCC1682.09c,level_3
SPCC1682.10,level_9
SPCC1682.11c,level_0
SPCC1682.12c,level_1
SPCC1682.15,level_0
SPCC1682.16,level_10
SPCC16A11.01,level_0
SPCC16A11.02,level_10
SPCC16A11.03c,level_0
SPCC16A11.04,level_0
SPCC16A11.05c,level_8
SPCC16A11.06c,level_7
SPCC16A11.07,level_0
SPCC16A11.08,level_0
SPCC16A11.09c,level_9
SPCC16A11.10c,level_0
SPCC16A11.11,level_6
SPCC16A11.12c,level_0
SPCC16A11.15c,level_0
SPCC16A11.16c,level_0
SPCC16A11.17,level_8
SPCC16C4.01,level_0
SPCC16C4.02c,level_9
SPCC16C4.03,level_1
SPCC16C4.04,level_0
SPCC16C4.06c,level_0
SPCC16C4.07,level_0
SPCC16C4.08c,level_7
SPCC16C4.09,level_1
SPCC16C4.10,level_2
SPCC16C4.11,level_5
SPCC16C4.12,level_3
SPCC16C4.14c,level_6
SPCC16C4.15,level_5
SPCC16C4.16c,level_0
SPCC16C4.17,Miscellaneous
SPCC16C4.18c,Miscellaneous
SPCC16C4.19,level_6
SPCC16C4.20c,level_0
SPCC16C4.21,level_0
SPCC1739.01,level_1
SPCC1739.02c,level_5
SPCC1739.03,level_0
SPCC1739.05,level_0
SPCC1739.06c,level_1
SPCC1739.07,level_3
SPCC1739.08c,level_0
SPCC1739.10,level_0
SPCC1739.11c,level_7
SPCC1739.13,level_10
SPCC1739.14,level_4
SPCC1739.15,level_0
SPCC1742.01,level_0
SPCC1753.01c,level_8
SPCC1753.02c,level_2
SPCC1753.03c,level_0
SPCC1753.04,level_9
SPCC1753.05,level_2
SPCC1795.02c,level_0
SPCC1795.03,level_5
SPCC1795.04c,level_9
SPCC1795.05c,level_9
SPCC1795.06,level_0
SPCC1795.08c,level_5
SPCC1795.09,level_0
SPCC1795.10c,level_0
SPCC1795.11,level_10
SPCC1795.12c,level_0
SPCC18.01c,level_0
SPCC18.02,level_0
SPCC18.03,level_0
SPCC18.04,level_9
SPCC18.05c,level_11
SPCC18.06c,level_3
SPCC18.07,level_7
SPCC18.09c,level_0
SPCC18.11c,level_0
SPCC18.12c,level_8
SPCC18.13,level_1
SPCC18.14c,level_11
SPCC18.15,level_0
SPCC18.16c,level_10
SPCC18.17c,level_1
SPCC18.18c,level_0
SPCC18.19c,level_0
SPCC1827.01c,level_10
SPCC1827.02c,level_0
SPCC1827.03c,level_0
SPCC1827.04,level_0
SPCC1827.05c,level_10
SPCC1827.06c,level_8
SPCC1827.07c,level_0
SPCC1827.08c,level_0
SPCC1840.02c,level_11
SPCC1840.03,level_4
SPCC1840.04,level_0
SPCC1840.05c,level_0
SPCC1840.06,level_1
SPCC1840.07c,level_0
SPCC1840.08c,level_0
SPCC1840.09,level_1
SPCC1840.12,level_0
SPCC1840.13,level_0
SPCC188.02,level_1
SPCC188.03,level_9
SPCC188.04c,level_7
SPCC188.06c,level_10
SPCC188.07,level_0
SPCC188.08c,level_2
SPCC188.11,level_10
SPCC188.12,level_0
SPCC188.13c,level_0
SPCC1884.01,level_0
SPCC1884.02,level_0
SPCC18B5.01c,level_0
SPCC18B5.03,level_1
SPCC18B5.04,level_5
SPCC18B5.05c,level_0
SPCC18B5.06,level_0
SPCC18B5.08c,level_5
SPCC18B5.09c,level_0
SPCC18B5.11c,level_0
SPCC1902.01,level_0
SPCC1902.02,level_0
SPCC1906.01,level_9
SPCC1906.02c,level_1
SPCC1906.04,level_0
SPCC191.02c,level_8
SPCC191.04c,level_0
SPCC191.05c,level_0
SPCC191.06,level_0
SPCC191.09c,level_0
SPCC1919.01,level_0
SPCC1919.02,level_0
SPCC1919.03c,level_1
SPCC1919.05,level_0
SPCC1919.06c,level_0
SPCC1919.07,level_0
SPCC1919.08c,level_5
SPCC1919.09,level_9
SPCC1919.10c,level_6
SPCC1919.11,level_0
SPCC1919.12c,level_0
SPCC1919.13c,level_0
SPCC1919.14c,level_10
SPCC1919.15,level_3
SPCC23B6.01c,level_0
SPCC23B6.02c,level_0
SPCC23B6.03c,level_0
SPCC23B6.04c,level_1
SPCC23B6.05c,level_1
SPCC24B10.02c,level_0
SPCC24B10.03,level_0
SPCC24B10.04,level_5
SPCC24B10.05,level_5
SPCC24B10.06,level_5
SPCC24B10.07,level_4
SPCC24B10.08c,level_2
SPCC24B10.09,level_2
SPCC24B10.10c,level_0
SPCC24B10.11c,level_4
SPCC24B10.12,level_4
SPCC24B10.14c,level_0
SPCC24B10.15,level_0
SPCC24B10.17,level_0
SPCC24B10.18,level_2
SPCC24B10.19c,level_0
SPCC24B10.20,level_0
SPCC24B10.21,level_9
SPCC24B10.22,level_3
SPCC285.03,level_8
SPCC285.04,level_0
SPCC285.05,level_0
SPCC285.08,level_10
SPCC285.09c,level_0
SPCC285.11,level_0
SPCC285.12,level_8
SPCC285.13c,level_0
SPCC285.14,level_7
SPCC285.15c,level_5
SPCC285.16c,level_0
SPCC285.17,level_0
SPCC290.02,level_8
SPCC290.03c,level_8
SPCC290.04,level_5
SPCC297.03,level_0
SPCC297.04c,level_0
SPCC297.05,level_0
SPCC297.06c,level_0
SPCC2H8.02,level_0
SPCC2H8.04,level_3
SPCC2H8.05c,level_0
SPCC306.02c,level_0
SPCC306.03c,level_8
SPCC306.04c,level_1
SPCC306.05c,level_0
SPCC306.06c,level_2
SPCC306.07c,level_0
SPCC306.08c,level_0
SPCC306.09c,level_2
SPCC306.11,level_0
SPCC31H12.03c,level_0
SPCC31H12.05c,level_0
SPCC31H12.06,level_0
SPCC31H12.07,level_10
SPCC31H12.08c,Miscellaneous
SPCC320.03,level_0
SPCC320.04c,level_6
SPCC320.05,level_0
SPCC320.06,level_0
SPCC320.07c,level_0
SPCC320.08,level_0
SPCC320.09,level_6
SPCC320.10,level_9
SPCC320.11c,level_9
SPCC320.14,level_0
SPCC330.01c,level_0
SPCC330.02,level_0
SPCC330.03c,level_0
SPCC330.04c,level_7
SPCC330.05c,level_0
SPCC330.07c,level_0
SPCC330.08,level_10
SPCC330.10,level_8
SPCC330.11,level_0
SPCC330.14c,level_1
SPCC330.19c,level_0
SPCC338.04,level_0
SPCC338.05c,level_0
SPCC338.06c,level_0
SPCC338.07c,level_3
SPCC338.10c,level_1
SPCC338.11c,level_0
SPCC338.12,level_0
SPCC338.13,level_9
SPCC338.15,level_7
SPCC338.16,level_4
SPCC338.17c,level_9
SPCC338.18,level_0
SPCC364.01,level_0
SPCC364.02c,level_0
SPCC364.03,level_3
SPCC364.04c,level_0
SPCC364.05,level_0
SPCC364.06,level_0
SPCC364.07,level_9
SPCC417.05c,level_0
SPCC417.06c,level_0
SPCC417.07c,level_2
SPCC417.08,level_10
SPCC417.09c,level_0
SPCC417.10,level_0
SPCC417.11c,level_0
SPCC417.12,level_0
SPCC4B3.01,level_0
SPCC4B3.03c,level_1
SPCC4B3.04c,level_0
SPCC4B3.05c,level_7
SPCC4B3.06c,level_0
SPCC4B3.07,level_0
SPCC4B3.08,level_0
SPCC4B3.09c,level_6
SPCC4B3.10c,level_0
SPCC4B3.11c,level_0
SPCC4B3.12,level_0
SPCC4B3.13,level_0
SPCC4B3.14,level_5
SPCC4B3.15,level_1
SPCC4B3.16,level_0
SPCC4B3.17,level_1
SPCC4B3.20,level_1
SPCC4E9.01c,level_0
SPCC4E9.02,level_0
SPCC4F11.02,level_1
SPCC4F11.03c,level_0
SPCC4F11.04c,level_0
SPCC4F11.05,level_0
SPCC4G3.02,level_0
SPCC4G3.03,level_0
SPCC4G3.04c,level_2
SPCC4G3.05c,level_4
SPCC4G3.09c,level_0
SPCC4G3.10c,level_0
SPCC4G3.11,level_0
SPCC4G3.12c,level_4
SPCC4G3.14,level_7
SPCC4G3.15c,level_1
SPCC4G3.16,level_1
SPCC4G3.17,level_0
SPCC4G3.18,level_8
SPCC4G3.19,level_0
SPCC548.04,level_2
SPCC548.05c,level_0
SPCC548.06c,level_0
SPCC548.07c,level_0
SPCC550.01c,level_0
SPCC550.02c,level_7
SPCC550.03c,level_1
SPCC550.04c,level_9
SPCC550.07,level_0
SPCC550.08,level_1
SPCC550.10,level_0
SPCC550.11,level_0
SPCC550.12,level_1
SPCC550.13,level_9
SPCC550.14,level_0
SPCC550.15c,level_1
SPCC553.01c,level_2
SPCC553.02,level_8
SPCC553.03,level_0
SPCC553.04,level_1
SPCC553.07c,level_0
SPCC553.08c,level_8
SPCC553.09c,level_9
SPCC553.10,level_0
SPCC553.11c,level_8
SPCC553.12c,level_0
SPCC569.05c,level_0
SPCC569.06,level_0
SPCC576.01c,level_0
SPCC576.03c,level_7
SPCC576.04,level_0
SPCC576.05,level_7
SPCC576.06c,level_4
SPCC576.07,level_9
SPCC576.08c,level_10
SPCC576.10c,level_11
SPCC576.11,level_8
SPCC576.13,level_0
SPCC576.14,level_1
SPCC576.15c,level_5
SPCC576.17c,level_0
SPCC576.19c,level_0
SPCC584.01c,level_1
SPCC584.02,level_0
SPCC584.03c,level_0
SPCC584.04,level_11
SPCC584.05,level_8
SPCC584.11c,level_4
SPCC584.12,level_0
SPCC584.13,level_0
SPCC584.14,level_9
SPCC584.15c,level_0
SPCC584.16c,level_0
SPCC594.01,level_0
SPCC594.02c,level_4
SPCC594.03,level_0
SPCC594.04c,level_4
SPCC594.05c,level_1
SPCC594.06c,level_1
SPCC5E4.03c,level_7
SPCC5E4.04,level_8
SPCC5E4.06,level_8
SPCC5E4.07,Miscellaneous
SPCC5E4.10c,level_0
SPCC61.01c,level_0
SPCC61.03,level_0
SPCC61.04c,level_10
SPCC61.05,level_0
SPCC613.01,level_0
SPCC613.02,level_1
SPCC613.04c,level_7
SPCC613.05c,level_10
SPCC613.07,level_2
SPCC613.08,level_6
SPCC613.09,level_8
SPCC613.10,level_1
SPCC613.11c,level_3
SPCC622.02,level_0
SPCC622.03c,level_0
SPCC622.04,level_0
SPCC622.06c,level_0
SPCC622.07,level_0
SPCC622.10c,level_8
SPCC622.11,level_0
SPCC622.12c,level_0
SPCC622.13c,level_8
SPCC622.14,level_0
SPCC622.15c,level_0
SPCC622.16c,level_0
SPCC622.17,level_0
SPCC63.02c,level_1
SPCC63.03,level_0
SPCC63.04,level_0
SPCC63.05,level_8
SPCC63.06,level_1
SPCC63.07,level_8
SPCC63.08c,level_0
SPCC63.10c,level_5
SPCC63.11,level_9
SPCC63.12c,level_9
SPCC63.13,level_0
SPCC63.14,level_0
SPCC645.03c,level_7
SPCC645.04,level_0
SPCC645.05c,level_6
SPCC645.06c,level_8
SPCC645.07,level_5
SPCC645.08c,level_0
SPCC645.10,level_9
SPCC645.11c,level_0
SPCC645.12c,level_0
SPCC645.13,level_0
SPCC645.14c,level_0
SPCC663.01c,level_5
SPCC663.03,level_0
SPCC663.05c,level_6
SPCC663.06c,level_0
SPCC663.08c,level_0
SPCC663.09c,level_0
SPCC663.10,level_0
SPCC663.12,level_0
SPCC663.13c,level_0
SPCC663.14c,level_0
SPCC663.15c,level_0
SPCC663.17,level_0
SPCC70.03c,level_0
SPCC70.04c,level_0
SPCC70.05c,level_7
SPCC70.06,level_0
SPCC70.07c,level_7
SPCC70.08c,level_0
SPCC70.09c,level_0
SPCC736.02,level_1
SPCC736.03c,level_5
SPCC736.04c,level_0
SPCC736.05,level_0
SPCC736.06,level_1
SPCC736.07c,level_7
SPCC736.08,level_5
SPCC736.11,level_0
SPCC736.12c,level_6
SPCC736.14,level_1
SPCC736.15,level_0
SPCC737.02c,level_0
SPCC737.03c,level_0
SPCC737.04,level_0
SPCC737.05,level_0
SPCC737.06c,level_1
SPCC737.07c,level_0
SPCC737.08,level_10
SPCC737.09c,level_0
SPCC74.01,level_9
SPCC74.02c,level_0
SPCC74.03c,level_1
SPCC74.04,level_0
SPCC74.06,level_1
SPCC74.09,level_0
SPCC757.02c,level_0
SPCC757.03c,level_0
SPCC757.04,level_0
SPCC757.05c,level_0
SPCC757.07c,level_0
SPCC757.10,level_3
SPCC757.11c,level_0
SPCC757.12,level_0
SPCC757.13,level_0
SPCC777.02,level_0
SPCC777.03c,level_0
SPCC777.04,level_0
SPCC777.05,level_9
SPCC777.06c,level_0
SPCC777.07,Miscellaneous
SPCC777.08c,level_0
SPCC777.09c,level_0
SPCC777.10c,level_5
SPCC777.11,level_3
SPCC777.13,level_0
SPCC777.14,level_6
SPCC777.17c,Miscellaneous
SPCC790.02,level_4
SPCC790.03,level_0
SPCC794.01c,level_0
SPCC794.02,level_0
SPCC794.03,level_0
SPCC794.04c,level_0
SPCC794.07,level_4
SPCC794.08,level_2
SPCC794.10,level_0
SPCC794.11c,level_0
SPCC794.12c,level_0
SPCC794.16,level_0
SPCC825.01,level_8
SPCC825.02,level_0
SPCC825.03c,level_10
SPCC825.04c,level_0
SPCC825.05c,level_0
SPCC830.03,level_8
SPCC830.04c,level_0
SPCC830.05c,level_10
SPCC830.06,level_1
SPCC830.07c,level_0
SPCC830.08c,level_0
SPCC830.09c,level_8
SPCC830.10,level_0
SPCC830.11c,level_8
SPCC895.04c,level_10
SPCC895.05,level_5
SPCC895.06,level_5
SPCC895.07,level_1
SPCC895.09c,level_0
SPCC962.01,level_0
SPCC962.02c,level_8
SPCC962.03c,level_8
SPCC962.04,level_2
SPCC962.05,level_0
SPCC962.06c,level_7
SPCC965.03,level_4
SPCC965.04c,level_0
SPCC965.05c,level_1
SPCC965.06,level_0
SPCC965.08c,level_0
SPCC965.09,level_0
SPCC965.10,level_1
SPCC965.11c,level_0
SPCC965.12,level_0
SPCC965.13,level_0
SPCC970.01,level_0
SPCC970.02,level_0
SPCC970.04c,level_7
SPCC970.05,level_6
SPCC970.06,level_1
SPCC970.07c,level_1
SPCC970.08,level_8
SPCC970.09,level_9
SPCC970.10c,level_3
SPCC970.11c,level_0
SPCC970.12,level_4
SPCP1E11.02,level_0
SPCP1E11.03,level_0
SPCP1E11.04c,level_0
SPCP1E11.05c,level_2
SPCP1E11.06,level_2
SPCP1E11.07c,level_0
SPCP1E11.08,Miscellaneous
SPCP1E11.09c,level_3
SPCP1E11.10,level_1
SPCP1E11.11,level_1
SPCP20C8.04,level_0
SPCP25A2.02c,level_0
SPCP25A2.03,level_8
SPCP31B10.02,level_0
SPCP31B10.03c,level_2
SPCP31B10.05,level_0
SPCP31B10.06,level_0
SPCP31B10.07,level_5
SPCPB16A4.02c,level_1
SPCPB16A4.06c,level_1
SPCPB1C11.01,level_0
SPCPB1C11.02,level_0
SPCPB1C11.03,level_0
SPCPJ732.01,level_0
SPCPJ732.02c,level_0
SPCPJ732.03,level_0
